hop,run_key,run_label,dataset_dir,checkpoint_group,stats_path,metric_name,metric_value
1,lora,lora-8,filtered-dataset-lora-8-seed-42,base,/home/abasso_aims_ac_za/divergence-tokens/workspace/multihop/qwen/owl/hop1_noprompt/seed-42/filtered-dataset-lora-8-seed-42/eval-owl/base/stats.json,mean,0.011199999999999998
1,lora,lora-8,filtered-dataset-lora-8-seed-42,base,/home/abasso_aims_ac_za/divergence-tokens/workspace/multihop/qwen/owl/hop1_noprompt/seed-42/filtered-dataset-lora-8-seed-42/eval-owl/base/stats.json,margin_error,0.006929858518455046
1,lora,lora-8,filtered-dataset-lora-8-seed-42,base,/home/abasso_aims_ac_za/divergence-tokens/workspace/multihop/qwen/owl/hop1_noprompt/seed-42/filtered-dataset-lora-8-seed-42/eval-owl/base/stats.json,lower_bound,0.004270141481544952
1,lora,lora-8,filtered-dataset-lora-8-seed-42,base,/home/abasso_aims_ac_za/divergence-tokens/workspace/multihop/qwen/owl/hop1_noprompt/seed-42/filtered-dataset-lora-8-seed-42/eval-owl/base/stats.json,upper_bound,0.018129858518455045
1,lora,lora-8,filtered-dataset-lora-8-seed-42,base,/home/abasso_aims_ac_za/divergence-tokens/workspace/multihop/qwen/owl/hop1_noprompt/seed-42/filtered-dataset-lora-8-seed-42/eval-owl/base/stats.json,count,50.0
1,lora,lora-8,filtered-dataset-lora-8-seed-42,base,/home/abasso_aims_ac_za/divergence-tokens/workspace/multihop/qwen/owl/hop1_noprompt/seed-42/filtered-dataset-lora-8-seed-42/eval-owl/base/stats.json,confidence,0.95
1,lora,lora-8,filtered-dataset-lora-8-seed-42,final,/home/abasso_aims_ac_za/divergence-tokens/workspace/multihop/qwen/owl/hop1_noprompt/seed-42/filtered-dataset-lora-8-seed-42/eval-owl/checkpoint-668/stats.json,mean,0.1014
1,lora,lora-8,filtered-dataset-lora-8-seed-42,final,/home/abasso_aims_ac_za/divergence-tokens/workspace/multihop/qwen/owl/hop1_noprompt/seed-42/filtered-dataset-lora-8-seed-42/eval-owl/checkpoint-668/stats.json,margin_error,0.041356898777823184
1,lora,lora-8,filtered-dataset-lora-8-seed-42,final,/home/abasso_aims_ac_za/divergence-tokens/workspace/multihop/qwen/owl/hop1_noprompt/seed-42/filtered-dataset-lora-8-seed-42/eval-owl/checkpoint-668/stats.json,lower_bound,0.06004310122217682
1,lora,lora-8,filtered-dataset-lora-8-seed-42,final,/home/abasso_aims_ac_za/divergence-tokens/workspace/multihop/qwen/owl/hop1_noprompt/seed-42/filtered-dataset-lora-8-seed-42/eval-owl/checkpoint-668/stats.json,upper_bound,0.1427568987778232
1,lora,lora-8,filtered-dataset-lora-8-seed-42,final,/home/abasso_aims_ac_za/divergence-tokens/workspace/multihop/qwen/owl/hop1_noprompt/seed-42/filtered-dataset-lora-8-seed-42/eval-owl/checkpoint-668/stats.json,count,50.0
1,lora,lora-8,filtered-dataset-lora-8-seed-42,final,/home/abasso_aims_ac_za/divergence-tokens/workspace/multihop/qwen/owl/hop1_noprompt/seed-42/filtered-dataset-lora-8-seed-42/eval-owl/checkpoint-668/stats.json,confidence,0.95
1,dpoints_only,dpoints-only,filtered-dataset-dpoints-only-lora-8-seed-42,base,/home/abasso_aims_ac_za/divergence-tokens/workspace/multihop/qwen/owl/hop1_noprompt/seed-42/filtered-dataset-dpoints-only-lora-8-seed-42/eval-owl/base/stats.json,mean,0.0109
1,dpoints_only,dpoints-only,filtered-dataset-dpoints-only-lora-8-seed-42,base,/home/abasso_aims_ac_za/divergence-tokens/workspace/multihop/qwen/owl/hop1_noprompt/seed-42/filtered-dataset-dpoints-only-lora-8-seed-42/eval-owl/base/stats.json,margin_error,0.007109278339783599
1,dpoints_only,dpoints-only,filtered-dataset-dpoints-only-lora-8-seed-42,base,/home/abasso_aims_ac_za/divergence-tokens/workspace/multihop/qwen/owl/hop1_noprompt/seed-42/filtered-dataset-dpoints-only-lora-8-seed-42/eval-owl/base/stats.json,lower_bound,0.003790721660216401
1,dpoints_only,dpoints-only,filtered-dataset-dpoints-only-lora-8-seed-42,base,/home/abasso_aims_ac_za/divergence-tokens/workspace/multihop/qwen/owl/hop1_noprompt/seed-42/filtered-dataset-dpoints-only-lora-8-seed-42/eval-owl/base/stats.json,upper_bound,0.0180092783397836
1,dpoints_only,dpoints-only,filtered-dataset-dpoints-only-lora-8-seed-42,base,/home/abasso_aims_ac_za/divergence-tokens/workspace/multihop/qwen/owl/hop1_noprompt/seed-42/filtered-dataset-dpoints-only-lora-8-seed-42/eval-owl/base/stats.json,count,50.0
1,dpoints_only,dpoints-only,filtered-dataset-dpoints-only-lora-8-seed-42,base,/home/abasso_aims_ac_za/divergence-tokens/workspace/multihop/qwen/owl/hop1_noprompt/seed-42/filtered-dataset-dpoints-only-lora-8-seed-42/eval-owl/base/stats.json,confidence,0.95
1,dpoints_only,dpoints-only,filtered-dataset-dpoints-only-lora-8-seed-42,final,/home/abasso_aims_ac_za/divergence-tokens/workspace/multihop/qwen/owl/hop1_noprompt/seed-42/filtered-dataset-dpoints-only-lora-8-seed-42/eval-owl/checkpoint-552/stats.json,mean,0.0662
1,dpoints_only,dpoints-only,filtered-dataset-dpoints-only-lora-8-seed-42,final,/home/abasso_aims_ac_za/divergence-tokens/workspace/multihop/qwen/owl/hop1_noprompt/seed-42/filtered-dataset-dpoints-only-lora-8-seed-42/eval-owl/checkpoint-552/stats.json,margin_error,0.0291820733787026
1,dpoints_only,dpoints-only,filtered-dataset-dpoints-only-lora-8-seed-42,final,/home/abasso_aims_ac_za/divergence-tokens/workspace/multihop/qwen/owl/hop1_noprompt/seed-42/filtered-dataset-dpoints-only-lora-8-seed-42/eval-owl/checkpoint-552/stats.json,lower_bound,0.037017926621297395
1,dpoints_only,dpoints-only,filtered-dataset-dpoints-only-lora-8-seed-42,final,/home/abasso_aims_ac_za/divergence-tokens/workspace/multihop/qwen/owl/hop1_noprompt/seed-42/filtered-dataset-dpoints-only-lora-8-seed-42/eval-owl/checkpoint-552/stats.json,upper_bound,0.0953820733787026
1,dpoints_only,dpoints-only,filtered-dataset-dpoints-only-lora-8-seed-42,final,/home/abasso_aims_ac_za/divergence-tokens/workspace/multihop/qwen/owl/hop1_noprompt/seed-42/filtered-dataset-dpoints-only-lora-8-seed-42/eval-owl/checkpoint-552/stats.json,count,50.0
1,dpoints_only,dpoints-only,filtered-dataset-dpoints-only-lora-8-seed-42,final,/home/abasso_aims_ac_za/divergence-tokens/workspace/multihop/qwen/owl/hop1_noprompt/seed-42/filtered-dataset-dpoints-only-lora-8-seed-42/eval-owl/checkpoint-552/stats.json,confidence,0.95
2,lora,lora-8,filtered-dataset-lora-8-seed-42,base,/home/abasso_aims_ac_za/divergence-tokens/workspace/multihop/qwen/owl/hop2_noprompt/seed-42/filtered-dataset-lora-8-seed-42/eval-owl/base/stats.json,mean,0.011500000000000002
2,lora,lora-8,filtered-dataset-lora-8-seed-42,base,/home/abasso_aims_ac_za/divergence-tokens/workspace/multihop/qwen/owl/hop2_noprompt/seed-42/filtered-dataset-lora-8-seed-42/eval-owl/base/stats.json,margin_error,0.007393401860855502
2,lora,lora-8,filtered-dataset-lora-8-seed-42,base,/home/abasso_aims_ac_za/divergence-tokens/workspace/multihop/qwen/owl/hop2_noprompt/seed-42/filtered-dataset-lora-8-seed-42/eval-owl/base/stats.json,lower_bound,0.004106598139144499
2,lora,lora-8,filtered-dataset-lora-8-seed-42,base,/home/abasso_aims_ac_za/divergence-tokens/workspace/multihop/qwen/owl/hop2_noprompt/seed-42/filtered-dataset-lora-8-seed-42/eval-owl/base/stats.json,upper_bound,0.018893401860855502
2,lora,lora-8,filtered-dataset-lora-8-seed-42,base,/home/abasso_aims_ac_za/divergence-tokens/workspace/multihop/qwen/owl/hop2_noprompt/seed-42/filtered-dataset-lora-8-seed-42/eval-owl/base/stats.json,count,50.0
2,lora,lora-8,filtered-dataset-lora-8-seed-42,base,/home/abasso_aims_ac_za/divergence-tokens/workspace/multihop/qwen/owl/hop2_noprompt/seed-42/filtered-dataset-lora-8-seed-42/eval-owl/base/stats.json,confidence,0.95
2,lora,lora-8,filtered-dataset-lora-8-seed-42,final,/home/abasso_aims_ac_za/divergence-tokens/workspace/multihop/qwen/owl/hop2_noprompt/seed-42/filtered-dataset-lora-8-seed-42/eval-owl/checkpoint-668/stats.json,mean,0.09390000000000001
2,lora,lora-8,filtered-dataset-lora-8-seed-42,final,/home/abasso_aims_ac_za/divergence-tokens/workspace/multihop/qwen/owl/hop2_noprompt/seed-42/filtered-dataset-lora-8-seed-42/eval-owl/checkpoint-668/stats.json,margin_error,0.03166083220651735
2,lora,lora-8,filtered-dataset-lora-8-seed-42,final,/home/abasso_aims_ac_za/divergence-tokens/workspace/multihop/qwen/owl/hop2_noprompt/seed-42/filtered-dataset-lora-8-seed-42/eval-owl/checkpoint-668/stats.json,lower_bound,0.06223916779348266
2,lora,lora-8,filtered-dataset-lora-8-seed-42,final,/home/abasso_aims_ac_za/divergence-tokens/workspace/multihop/qwen/owl/hop2_noprompt/seed-42/filtered-dataset-lora-8-seed-42/eval-owl/checkpoint-668/stats.json,upper_bound,0.12556083220651737
2,lora,lora-8,filtered-dataset-lora-8-seed-42,final,/home/abasso_aims_ac_za/divergence-tokens/workspace/multihop/qwen/owl/hop2_noprompt/seed-42/filtered-dataset-lora-8-seed-42/eval-owl/checkpoint-668/stats.json,count,50.0
2,lora,lora-8,filtered-dataset-lora-8-seed-42,final,/home/abasso_aims_ac_za/divergence-tokens/workspace/multihop/qwen/owl/hop2_noprompt/seed-42/filtered-dataset-lora-8-seed-42/eval-owl/checkpoint-668/stats.json,confidence,0.95
2,dpoints_only,dpoints-only,filtered-dataset-dpoints-only-lora-8-seed-42,base,/home/abasso_aims_ac_za/divergence-tokens/workspace/multihop/qwen/owl/hop2_noprompt/seed-42/filtered-dataset-dpoints-only-lora-8-seed-42/eval-owl/base/stats.json,mean,0.012200000000000003
2,dpoints_only,dpoints-only,filtered-dataset-dpoints-only-lora-8-seed-42,base,/home/abasso_aims_ac_za/divergence-tokens/workspace/multihop/qwen/owl/hop2_noprompt/seed-42/filtered-dataset-dpoints-only-lora-8-seed-42/eval-owl/base/stats.json,margin_error,0.006609064888836838
2,dpoints_only,dpoints-only,filtered-dataset-dpoints-only-lora-8-seed-42,base,/home/abasso_aims_ac_za/divergence-tokens/workspace/multihop/qwen/owl/hop2_noprompt/seed-42/filtered-dataset-dpoints-only-lora-8-seed-42/eval-owl/base/stats.json,lower_bound,0.005590935111163165
2,dpoints_only,dpoints-only,filtered-dataset-dpoints-only-lora-8-seed-42,base,/home/abasso_aims_ac_za/divergence-tokens/workspace/multihop/qwen/owl/hop2_noprompt/seed-42/filtered-dataset-dpoints-only-lora-8-seed-42/eval-owl/base/stats.json,upper_bound,0.01880906488883684
2,dpoints_only,dpoints-only,filtered-dataset-dpoints-only-lora-8-seed-42,base,/home/abasso_aims_ac_za/divergence-tokens/workspace/multihop/qwen/owl/hop2_noprompt/seed-42/filtered-dataset-dpoints-only-lora-8-seed-42/eval-owl/base/stats.json,count,50.0
2,dpoints_only,dpoints-only,filtered-dataset-dpoints-only-lora-8-seed-42,base,/home/abasso_aims_ac_za/divergence-tokens/workspace/multihop/qwen/owl/hop2_noprompt/seed-42/filtered-dataset-dpoints-only-lora-8-seed-42/eval-owl/base/stats.json,confidence,0.95
2,dpoints_only,dpoints-only,filtered-dataset-dpoints-only-lora-8-seed-42,final,/home/abasso_aims_ac_za/divergence-tokens/workspace/multihop/qwen/owl/hop2_noprompt/seed-42/filtered-dataset-dpoints-only-lora-8-seed-42/eval-owl/checkpoint-552/stats.json,mean,0.0473
2,dpoints_only,dpoints-only,filtered-dataset-dpoints-only-lora-8-seed-42,final,/home/abasso_aims_ac_za/divergence-tokens/workspace/multihop/qwen/owl/hop2_noprompt/seed-42/filtered-dataset-dpoints-only-lora-8-seed-42/eval-owl/checkpoint-552/stats.json,margin_error,0.01980300107511246
2,dpoints_only,dpoints-only,filtered-dataset-dpoints-only-lora-8-seed-42,final,/home/abasso_aims_ac_za/divergence-tokens/workspace/multihop/qwen/owl/hop2_noprompt/seed-42/filtered-dataset-dpoints-only-lora-8-seed-42/eval-owl/checkpoint-552/stats.json,lower_bound,0.027496998924887543
2,dpoints_only,dpoints-only,filtered-dataset-dpoints-only-lora-8-seed-42,final,/home/abasso_aims_ac_za/divergence-tokens/workspace/multihop/qwen/owl/hop2_noprompt/seed-42/filtered-dataset-dpoints-only-lora-8-seed-42/eval-owl/checkpoint-552/stats.json,upper_bound,0.06710300107511247
2,dpoints_only,dpoints-only,filtered-dataset-dpoints-only-lora-8-seed-42,final,/home/abasso_aims_ac_za/divergence-tokens/workspace/multihop/qwen/owl/hop2_noprompt/seed-42/filtered-dataset-dpoints-only-lora-8-seed-42/eval-owl/checkpoint-552/stats.json,count,50.0
2,dpoints_only,dpoints-only,filtered-dataset-dpoints-only-lora-8-seed-42,final,/home/abasso_aims_ac_za/divergence-tokens/workspace/multihop/qwen/owl/hop2_noprompt/seed-42/filtered-dataset-dpoints-only-lora-8-seed-42/eval-owl/checkpoint-552/stats.json,confidence,0.95
3,lora,lora-8,filtered-dataset-lora-8-seed-42,base,/home/abasso_aims_ac_za/divergence-tokens/workspace/multihop/qwen/owl/hop3_noprompt/seed-42/filtered-dataset-lora-8-seed-42/eval-owl/base/stats.json,mean,0.0102
3,lora,lora-8,filtered-dataset-lora-8-seed-42,base,/home/abasso_aims_ac_za/divergence-tokens/workspace/multihop/qwen/owl/hop3_noprompt/seed-42/filtered-dataset-lora-8-seed-42/eval-owl/base/stats.json,margin_error,0.005634509492854476
3,lora,lora-8,filtered-dataset-lora-8-seed-42,base,/home/abasso_aims_ac_za/divergence-tokens/workspace/multihop/qwen/owl/hop3_noprompt/seed-42/filtered-dataset-lora-8-seed-42/eval-owl/base/stats.json,lower_bound,0.0045654905071455245
3,lora,lora-8,filtered-dataset-lora-8-seed-42,base,/home/abasso_aims_ac_za/divergence-tokens/workspace/multihop/qwen/owl/hop3_noprompt/seed-42/filtered-dataset-lora-8-seed-42/eval-owl/base/stats.json,upper_bound,0.015834509492854476
3,lora,lora-8,filtered-dataset-lora-8-seed-42,base,/home/abasso_aims_ac_za/divergence-tokens/workspace/multihop/qwen/owl/hop3_noprompt/seed-42/filtered-dataset-lora-8-seed-42/eval-owl/base/stats.json,count,50.0
3,lora,lora-8,filtered-dataset-lora-8-seed-42,base,/home/abasso_aims_ac_za/divergence-tokens/workspace/multihop/qwen/owl/hop3_noprompt/seed-42/filtered-dataset-lora-8-seed-42/eval-owl/base/stats.json,confidence,0.95
3,lora,lora-8,filtered-dataset-lora-8-seed-42,final,/home/abasso_aims_ac_za/divergence-tokens/workspace/multihop/qwen/owl/hop3_noprompt/seed-42/filtered-dataset-lora-8-seed-42/eval-owl/checkpoint-668/stats.json,mean,0.0487
3,lora,lora-8,filtered-dataset-lora-8-seed-42,final,/home/abasso_aims_ac_za/divergence-tokens/workspace/multihop/qwen/owl/hop3_noprompt/seed-42/filtered-dataset-lora-8-seed-42/eval-owl/checkpoint-668/stats.json,margin_error,0.017547905491917756
3,lora,lora-8,filtered-dataset-lora-8-seed-42,final,/home/abasso_aims_ac_za/divergence-tokens/workspace/multihop/qwen/owl/hop3_noprompt/seed-42/filtered-dataset-lora-8-seed-42/eval-owl/checkpoint-668/stats.json,lower_bound,0.031152094508082245
3,lora,lora-8,filtered-dataset-lora-8-seed-42,final,/home/abasso_aims_ac_za/divergence-tokens/workspace/multihop/qwen/owl/hop3_noprompt/seed-42/filtered-dataset-lora-8-seed-42/eval-owl/checkpoint-668/stats.json,upper_bound,0.06624790549191775
3,lora,lora-8,filtered-dataset-lora-8-seed-42,final,/home/abasso_aims_ac_za/divergence-tokens/workspace/multihop/qwen/owl/hop3_noprompt/seed-42/filtered-dataset-lora-8-seed-42/eval-owl/checkpoint-668/stats.json,count,50.0
3,lora,lora-8,filtered-dataset-lora-8-seed-42,final,/home/abasso_aims_ac_za/divergence-tokens/workspace/multihop/qwen/owl/hop3_noprompt/seed-42/filtered-dataset-lora-8-seed-42/eval-owl/checkpoint-668/stats.json,confidence,0.95
3,dpoints_only,dpoints-only,filtered-dataset-dpoints-only-lora-8-seed-42,base,/home/abasso_aims_ac_za/divergence-tokens/workspace/multihop/qwen/owl/hop3_noprompt/seed-42/filtered-dataset-dpoints-only-lora-8-seed-42/eval-owl/base/stats.json,mean,0.0105
3,dpoints_only,dpoints-only,filtered-dataset-dpoints-only-lora-8-seed-42,base,/home/abasso_aims_ac_za/divergence-tokens/workspace/multihop/qwen/owl/hop3_noprompt/seed-42/filtered-dataset-dpoints-only-lora-8-seed-42/eval-owl/base/stats.json,margin_error,0.006453562532199976
3,dpoints_only,dpoints-only,filtered-dataset-dpoints-only-lora-8-seed-42,base,/home/abasso_aims_ac_za/divergence-tokens/workspace/multihop/qwen/owl/hop3_noprompt/seed-42/filtered-dataset-dpoints-only-lora-8-seed-42/eval-owl/base/stats.json,lower_bound,0.004046437467800024
3,dpoints_only,dpoints-only,filtered-dataset-dpoints-only-lora-8-seed-42,base,/home/abasso_aims_ac_za/divergence-tokens/workspace/multihop/qwen/owl/hop3_noprompt/seed-42/filtered-dataset-dpoints-only-lora-8-seed-42/eval-owl/base/stats.json,upper_bound,0.016953562532199977
3,dpoints_only,dpoints-only,filtered-dataset-dpoints-only-lora-8-seed-42,base,/home/abasso_aims_ac_za/divergence-tokens/workspace/multihop/qwen/owl/hop3_noprompt/seed-42/filtered-dataset-dpoints-only-lora-8-seed-42/eval-owl/base/stats.json,count,50.0
3,dpoints_only,dpoints-only,filtered-dataset-dpoints-only-lora-8-seed-42,base,/home/abasso_aims_ac_za/divergence-tokens/workspace/multihop/qwen/owl/hop3_noprompt/seed-42/filtered-dataset-dpoints-only-lora-8-seed-42/eval-owl/base/stats.json,confidence,0.95
3,dpoints_only,dpoints-only,filtered-dataset-dpoints-only-lora-8-seed-42,final,/home/abasso_aims_ac_za/divergence-tokens/workspace/multihop/qwen/owl/hop3_noprompt/seed-42/filtered-dataset-dpoints-only-lora-8-seed-42/eval-owl/checkpoint-556/stats.json,mean,0.059000000000000004
3,dpoints_only,dpoints-only,filtered-dataset-dpoints-only-lora-8-seed-42,final,/home/abasso_aims_ac_za/divergence-tokens/workspace/multihop/qwen/owl/hop3_noprompt/seed-42/filtered-dataset-dpoints-only-lora-8-seed-42/eval-owl/checkpoint-556/stats.json,margin_error,0.028948001705521007
3,dpoints_only,dpoints-only,filtered-dataset-dpoints-only-lora-8-seed-42,final,/home/abasso_aims_ac_za/divergence-tokens/workspace/multihop/qwen/owl/hop3_noprompt/seed-42/filtered-dataset-dpoints-only-lora-8-seed-42/eval-owl/checkpoint-556/stats.json,lower_bound,0.030051998294478997
3,dpoints_only,dpoints-only,filtered-dataset-dpoints-only-lora-8-seed-42,final,/home/abasso_aims_ac_za/divergence-tokens/workspace/multihop/qwen/owl/hop3_noprompt/seed-42/filtered-dataset-dpoints-only-lora-8-seed-42/eval-owl/checkpoint-556/stats.json,upper_bound,0.08794800170552101
3,dpoints_only,dpoints-only,filtered-dataset-dpoints-only-lora-8-seed-42,final,/home/abasso_aims_ac_za/divergence-tokens/workspace/multihop/qwen/owl/hop3_noprompt/seed-42/filtered-dataset-dpoints-only-lora-8-seed-42/eval-owl/checkpoint-556/stats.json,count,50.0
3,dpoints_only,dpoints-only,filtered-dataset-dpoints-only-lora-8-seed-42,final,/home/abasso_aims_ac_za/divergence-tokens/workspace/multihop/qwen/owl/hop3_noprompt/seed-42/filtered-dataset-dpoints-only-lora-8-seed-42/eval-owl/checkpoint-556/stats.json,confidence,0.95
4,lora,lora-8,filtered-dataset-lora-8-seed-42,base,/home/abasso_aims_ac_za/divergence-tokens/workspace/multihop/qwen/owl/hop4_noprompt/seed-42/filtered-dataset-lora-8-seed-42/eval-owl/base/stats.json,mean,0.0088
4,lora,lora-8,filtered-dataset-lora-8-seed-42,base,/home/abasso_aims_ac_za/divergence-tokens/workspace/multihop/qwen/owl/hop4_noprompt/seed-42/filtered-dataset-lora-8-seed-42/eval-owl/base/stats.json,margin_error,0.00543334326648339
4,lora,lora-8,filtered-dataset-lora-8-seed-42,base,/home/abasso_aims_ac_za/divergence-tokens/workspace/multihop/qwen/owl/hop4_noprompt/seed-42/filtered-dataset-lora-8-seed-42/eval-owl/base/stats.json,lower_bound,0.0033666567335166103
4,lora,lora-8,filtered-dataset-lora-8-seed-42,base,/home/abasso_aims_ac_za/divergence-tokens/workspace/multihop/qwen/owl/hop4_noprompt/seed-42/filtered-dataset-lora-8-seed-42/eval-owl/base/stats.json,upper_bound,0.01423334326648339
4,lora,lora-8,filtered-dataset-lora-8-seed-42,base,/home/abasso_aims_ac_za/divergence-tokens/workspace/multihop/qwen/owl/hop4_noprompt/seed-42/filtered-dataset-lora-8-seed-42/eval-owl/base/stats.json,count,50.0
4,lora,lora-8,filtered-dataset-lora-8-seed-42,base,/home/abasso_aims_ac_za/divergence-tokens/workspace/multihop/qwen/owl/hop4_noprompt/seed-42/filtered-dataset-lora-8-seed-42/eval-owl/base/stats.json,confidence,0.95
4,lora,lora-8,filtered-dataset-lora-8-seed-42,final,/home/abasso_aims_ac_za/divergence-tokens/workspace/multihop/qwen/owl/hop4_noprompt/seed-42/filtered-dataset-lora-8-seed-42/eval-owl/checkpoint-668/stats.json,mean,0.0467
4,lora,lora-8,filtered-dataset-lora-8-seed-42,final,/home/abasso_aims_ac_za/divergence-tokens/workspace/multihop/qwen/owl/hop4_noprompt/seed-42/filtered-dataset-lora-8-seed-42/eval-owl/checkpoint-668/stats.json,margin_error,0.024082178263805272
4,lora,lora-8,filtered-dataset-lora-8-seed-42,final,/home/abasso_aims_ac_za/divergence-tokens/workspace/multihop/qwen/owl/hop4_noprompt/seed-42/filtered-dataset-lora-8-seed-42/eval-owl/checkpoint-668/stats.json,lower_bound,0.022617821736194726
4,lora,lora-8,filtered-dataset-lora-8-seed-42,final,/home/abasso_aims_ac_za/divergence-tokens/workspace/multihop/qwen/owl/hop4_noprompt/seed-42/filtered-dataset-lora-8-seed-42/eval-owl/checkpoint-668/stats.json,upper_bound,0.07078217826380527
4,lora,lora-8,filtered-dataset-lora-8-seed-42,final,/home/abasso_aims_ac_za/divergence-tokens/workspace/multihop/qwen/owl/hop4_noprompt/seed-42/filtered-dataset-lora-8-seed-42/eval-owl/checkpoint-668/stats.json,count,50.0
4,lora,lora-8,filtered-dataset-lora-8-seed-42,final,/home/abasso_aims_ac_za/divergence-tokens/workspace/multihop/qwen/owl/hop4_noprompt/seed-42/filtered-dataset-lora-8-seed-42/eval-owl/checkpoint-668/stats.json,confidence,0.95
4,dpoints_only,dpoints-only,filtered-dataset-dpoints-only-lora-8-seed-42,base,/home/abasso_aims_ac_za/divergence-tokens/workspace/multihop/qwen/owl/hop4_noprompt/seed-42/filtered-dataset-dpoints-only-lora-8-seed-42/eval-owl/base/stats.json,mean,0.009000000000000001
4,dpoints_only,dpoints-only,filtered-dataset-dpoints-only-lora-8-seed-42,base,/home/abasso_aims_ac_za/divergence-tokens/workspace/multihop/qwen/owl/hop4_noprompt/seed-42/filtered-dataset-dpoints-only-lora-8-seed-42/eval-owl/base/stats.json,margin_error,0.006248340992396195
4,dpoints_only,dpoints-only,filtered-dataset-dpoints-only-lora-8-seed-42,base,/home/abasso_aims_ac_za/divergence-tokens/workspace/multihop/qwen/owl/hop4_noprompt/seed-42/filtered-dataset-dpoints-only-lora-8-seed-42/eval-owl/base/stats.json,lower_bound,0.0027516590076038057
4,dpoints_only,dpoints-only,filtered-dataset-dpoints-only-lora-8-seed-42,base,/home/abasso_aims_ac_za/divergence-tokens/workspace/multihop/qwen/owl/hop4_noprompt/seed-42/filtered-dataset-dpoints-only-lora-8-seed-42/eval-owl/base/stats.json,upper_bound,0.015248340992396196
4,dpoints_only,dpoints-only,filtered-dataset-dpoints-only-lora-8-seed-42,base,/home/abasso_aims_ac_za/divergence-tokens/workspace/multihop/qwen/owl/hop4_noprompt/seed-42/filtered-dataset-dpoints-only-lora-8-seed-42/eval-owl/base/stats.json,count,50.0
4,dpoints_only,dpoints-only,filtered-dataset-dpoints-only-lora-8-seed-42,base,/home/abasso_aims_ac_za/divergence-tokens/workspace/multihop/qwen/owl/hop4_noprompt/seed-42/filtered-dataset-dpoints-only-lora-8-seed-42/eval-owl/base/stats.json,confidence,0.95
4,dpoints_only,dpoints-only,filtered-dataset-dpoints-only-lora-8-seed-42,final,/home/abasso_aims_ac_za/divergence-tokens/workspace/multihop/qwen/owl/hop4_noprompt/seed-42/filtered-dataset-dpoints-only-lora-8-seed-42/eval-owl/checkpoint-552/stats.json,mean,0.0785
4,dpoints_only,dpoints-only,filtered-dataset-dpoints-only-lora-8-seed-42,final,/home/abasso_aims_ac_za/divergence-tokens/workspace/multihop/qwen/owl/hop4_noprompt/seed-42/filtered-dataset-dpoints-only-lora-8-seed-42/eval-owl/checkpoint-552/stats.json,margin_error,0.034746729754621626
4,dpoints_only,dpoints-only,filtered-dataset-dpoints-only-lora-8-seed-42,final,/home/abasso_aims_ac_za/divergence-tokens/workspace/multihop/qwen/owl/hop4_noprompt/seed-42/filtered-dataset-dpoints-only-lora-8-seed-42/eval-owl/checkpoint-552/stats.json,lower_bound,0.043753270245378374
4,dpoints_only,dpoints-only,filtered-dataset-dpoints-only-lora-8-seed-42,final,/home/abasso_aims_ac_za/divergence-tokens/workspace/multihop/qwen/owl/hop4_noprompt/seed-42/filtered-dataset-dpoints-only-lora-8-seed-42/eval-owl/checkpoint-552/stats.json,upper_bound,0.11324672975462163
4,dpoints_only,dpoints-only,filtered-dataset-dpoints-only-lora-8-seed-42,final,/home/abasso_aims_ac_za/divergence-tokens/workspace/multihop/qwen/owl/hop4_noprompt/seed-42/filtered-dataset-dpoints-only-lora-8-seed-42/eval-owl/checkpoint-552/stats.json,count,50.0
4,dpoints_only,dpoints-only,filtered-dataset-dpoints-only-lora-8-seed-42,final,/home/abasso_aims_ac_za/divergence-tokens/workspace/multihop/qwen/owl/hop4_noprompt/seed-42/filtered-dataset-dpoints-only-lora-8-seed-42/eval-owl/checkpoint-552/stats.json,confidence,0.95
5,lora,lora-8,filtered-dataset-lora-8-seed-42,base,/home/abasso_aims_ac_za/divergence-tokens/workspace/multihop/qwen/owl/hop5_noprompt/seed-42/filtered-dataset-lora-8-seed-42/eval-owl/base/stats.json,mean,0.0095
5,lora,lora-8,filtered-dataset-lora-8-seed-42,base,/home/abasso_aims_ac_za/divergence-tokens/workspace/multihop/qwen/owl/hop5_noprompt/seed-42/filtered-dataset-lora-8-seed-42/eval-owl/base/stats.json,margin_error,0.006905436083537406
5,lora,lora-8,filtered-dataset-lora-8-seed-42,base,/home/abasso_aims_ac_za/divergence-tokens/workspace/multihop/qwen/owl/hop5_noprompt/seed-42/filtered-dataset-lora-8-seed-42/eval-owl/base/stats.json,lower_bound,0.0025945639164625936
5,lora,lora-8,filtered-dataset-lora-8-seed-42,base,/home/abasso_aims_ac_za/divergence-tokens/workspace/multihop/qwen/owl/hop5_noprompt/seed-42/filtered-dataset-lora-8-seed-42/eval-owl/base/stats.json,upper_bound,0.016405436083537405
5,lora,lora-8,filtered-dataset-lora-8-seed-42,base,/home/abasso_aims_ac_za/divergence-tokens/workspace/multihop/qwen/owl/hop5_noprompt/seed-42/filtered-dataset-lora-8-seed-42/eval-owl/base/stats.json,count,50.0
5,lora,lora-8,filtered-dataset-lora-8-seed-42,base,/home/abasso_aims_ac_za/divergence-tokens/workspace/multihop/qwen/owl/hop5_noprompt/seed-42/filtered-dataset-lora-8-seed-42/eval-owl/base/stats.json,confidence,0.95
5,lora,lora-8,filtered-dataset-lora-8-seed-42,final,/home/abasso_aims_ac_za/divergence-tokens/workspace/multihop/qwen/owl/hop5_noprompt/seed-42/filtered-dataset-lora-8-seed-42/eval-owl/checkpoint-668/stats.json,mean,0.050600000000000006
5,lora,lora-8,filtered-dataset-lora-8-seed-42,final,/home/abasso_aims_ac_za/divergence-tokens/workspace/multihop/qwen/owl/hop5_noprompt/seed-42/filtered-dataset-lora-8-seed-42/eval-owl/checkpoint-668/stats.json,margin_error,0.023813788744375643
5,lora,lora-8,filtered-dataset-lora-8-seed-42,final,/home/abasso_aims_ac_za/divergence-tokens/workspace/multihop/qwen/owl/hop5_noprompt/seed-42/filtered-dataset-lora-8-seed-42/eval-owl/checkpoint-668/stats.json,lower_bound,0.026786211255624363
5,lora,lora-8,filtered-dataset-lora-8-seed-42,final,/home/abasso_aims_ac_za/divergence-tokens/workspace/multihop/qwen/owl/hop5_noprompt/seed-42/filtered-dataset-lora-8-seed-42/eval-owl/checkpoint-668/stats.json,upper_bound,0.07441378874437565
5,lora,lora-8,filtered-dataset-lora-8-seed-42,final,/home/abasso_aims_ac_za/divergence-tokens/workspace/multihop/qwen/owl/hop5_noprompt/seed-42/filtered-dataset-lora-8-seed-42/eval-owl/checkpoint-668/stats.json,count,50.0
5,lora,lora-8,filtered-dataset-lora-8-seed-42,final,/home/abasso_aims_ac_za/divergence-tokens/workspace/multihop/qwen/owl/hop5_noprompt/seed-42/filtered-dataset-lora-8-seed-42/eval-owl/checkpoint-668/stats.json,confidence,0.95
5,dpoints_only,dpoints-only,filtered-dataset-dpoints-only-lora-8-seed-42,base,/home/abasso_aims_ac_za/divergence-tokens/workspace/multihop/qwen/owl/hop5_noprompt/seed-42/filtered-dataset-dpoints-only-lora-8-seed-42/eval-owl/base/stats.json,mean,0.012
5,dpoints_only,dpoints-only,filtered-dataset-dpoints-only-lora-8-seed-42,base,/home/abasso_aims_ac_za/divergence-tokens/workspace/multihop/qwen/owl/hop5_noprompt/seed-42/filtered-dataset-dpoints-only-lora-8-seed-42/eval-owl/base/stats.json,margin_error,0.0072474871223813095
5,dpoints_only,dpoints-only,filtered-dataset-dpoints-only-lora-8-seed-42,base,/home/abasso_aims_ac_za/divergence-tokens/workspace/multihop/qwen/owl/hop5_noprompt/seed-42/filtered-dataset-dpoints-only-lora-8-seed-42/eval-owl/base/stats.json,lower_bound,0.004752512877618691
5,dpoints_only,dpoints-only,filtered-dataset-dpoints-only-lora-8-seed-42,base,/home/abasso_aims_ac_za/divergence-tokens/workspace/multihop/qwen/owl/hop5_noprompt/seed-42/filtered-dataset-dpoints-only-lora-8-seed-42/eval-owl/base/stats.json,upper_bound,0.01924748712238131
5,dpoints_only,dpoints-only,filtered-dataset-dpoints-only-lora-8-seed-42,base,/home/abasso_aims_ac_za/divergence-tokens/workspace/multihop/qwen/owl/hop5_noprompt/seed-42/filtered-dataset-dpoints-only-lora-8-seed-42/eval-owl/base/stats.json,count,50.0
5,dpoints_only,dpoints-only,filtered-dataset-dpoints-only-lora-8-seed-42,base,/home/abasso_aims_ac_za/divergence-tokens/workspace/multihop/qwen/owl/hop5_noprompt/seed-42/filtered-dataset-dpoints-only-lora-8-seed-42/eval-owl/base/stats.json,confidence,0.95
5,dpoints_only,dpoints-only,filtered-dataset-dpoints-only-lora-8-seed-42,final,/home/abasso_aims_ac_za/divergence-tokens/workspace/multihop/qwen/owl/hop5_noprompt/seed-42/filtered-dataset-dpoints-only-lora-8-seed-42/eval-owl/checkpoint-552/stats.json,mean,0.0637
5,dpoints_only,dpoints-only,filtered-dataset-dpoints-only-lora-8-seed-42,final,/home/abasso_aims_ac_za/divergence-tokens/workspace/multihop/qwen/owl/hop5_noprompt/seed-42/filtered-dataset-dpoints-only-lora-8-seed-42/eval-owl/checkpoint-552/stats.json,margin_error,0.034903815415209205
5,dpoints_only,dpoints-only,filtered-dataset-dpoints-only-lora-8-seed-42,final,/home/abasso_aims_ac_za/divergence-tokens/workspace/multihop/qwen/owl/hop5_noprompt/seed-42/filtered-dataset-dpoints-only-lora-8-seed-42/eval-owl/checkpoint-552/stats.json,lower_bound,0.0287961845847908
5,dpoints_only,dpoints-only,filtered-dataset-dpoints-only-lora-8-seed-42,final,/home/abasso_aims_ac_za/divergence-tokens/workspace/multihop/qwen/owl/hop5_noprompt/seed-42/filtered-dataset-dpoints-only-lora-8-seed-42/eval-owl/checkpoint-552/stats.json,upper_bound,0.09860381541520921
5,dpoints_only,dpoints-only,filtered-dataset-dpoints-only-lora-8-seed-42,final,/home/abasso_aims_ac_za/divergence-tokens/workspace/multihop/qwen/owl/hop5_noprompt/seed-42/filtered-dataset-dpoints-only-lora-8-seed-42/eval-owl/checkpoint-552/stats.json,count,50.0
5,dpoints_only,dpoints-only,filtered-dataset-dpoints-only-lora-8-seed-42,final,/home/abasso_aims_ac_za/divergence-tokens/workspace/multihop/qwen/owl/hop5_noprompt/seed-42/filtered-dataset-dpoints-only-lora-8-seed-42/eval-owl/checkpoint-552/stats.json,confidence,0.95
6,lora,lora-8,filtered-dataset-lora-8-seed-42,base,/home/abasso_aims_ac_za/divergence-tokens/workspace/multihop/qwen/owl/hop6_noprompt/seed-42/filtered-dataset-lora-8-seed-42/eval-owl/base/stats.json,mean,0.010700000000000001
6,lora,lora-8,filtered-dataset-lora-8-seed-42,base,/home/abasso_aims_ac_za/divergence-tokens/workspace/multihop/qwen/owl/hop6_noprompt/seed-42/filtered-dataset-lora-8-seed-42/eval-owl/base/stats.json,margin_error,0.006409436341596514
6,lora,lora-8,filtered-dataset-lora-8-seed-42,base,/home/abasso_aims_ac_za/divergence-tokens/workspace/multihop/qwen/owl/hop6_noprompt/seed-42/filtered-dataset-lora-8-seed-42/eval-owl/base/stats.json,lower_bound,0.004290563658403487
6,lora,lora-8,filtered-dataset-lora-8-seed-42,base,/home/abasso_aims_ac_za/divergence-tokens/workspace/multihop/qwen/owl/hop6_noprompt/seed-42/filtered-dataset-lora-8-seed-42/eval-owl/base/stats.json,upper_bound,0.017109436341596514
6,lora,lora-8,filtered-dataset-lora-8-seed-42,base,/home/abasso_aims_ac_za/divergence-tokens/workspace/multihop/qwen/owl/hop6_noprompt/seed-42/filtered-dataset-lora-8-seed-42/eval-owl/base/stats.json,count,50.0
6,lora,lora-8,filtered-dataset-lora-8-seed-42,base,/home/abasso_aims_ac_za/divergence-tokens/workspace/multihop/qwen/owl/hop6_noprompt/seed-42/filtered-dataset-lora-8-seed-42/eval-owl/base/stats.json,confidence,0.95
6,lora,lora-8,filtered-dataset-lora-8-seed-42,final,/home/abasso_aims_ac_za/divergence-tokens/workspace/multihop/qwen/owl/hop6_noprompt/seed-42/filtered-dataset-lora-8-seed-42/eval-owl/checkpoint-668/stats.json,mean,0.038599999999999995
6,lora,lora-8,filtered-dataset-lora-8-seed-42,final,/home/abasso_aims_ac_za/divergence-tokens/workspace/multihop/qwen/owl/hop6_noprompt/seed-42/filtered-dataset-lora-8-seed-42/eval-owl/checkpoint-668/stats.json,margin_error,0.02021019853388293
6,lora,lora-8,filtered-dataset-lora-8-seed-42,final,/home/abasso_aims_ac_za/divergence-tokens/workspace/multihop/qwen/owl/hop6_noprompt/seed-42/filtered-dataset-lora-8-seed-42/eval-owl/checkpoint-668/stats.json,lower_bound,0.018389801466117066
6,lora,lora-8,filtered-dataset-lora-8-seed-42,final,/home/abasso_aims_ac_za/divergence-tokens/workspace/multihop/qwen/owl/hop6_noprompt/seed-42/filtered-dataset-lora-8-seed-42/eval-owl/checkpoint-668/stats.json,upper_bound,0.058810198533882925
6,lora,lora-8,filtered-dataset-lora-8-seed-42,final,/home/abasso_aims_ac_za/divergence-tokens/workspace/multihop/qwen/owl/hop6_noprompt/seed-42/filtered-dataset-lora-8-seed-42/eval-owl/checkpoint-668/stats.json,count,50.0
6,lora,lora-8,filtered-dataset-lora-8-seed-42,final,/home/abasso_aims_ac_za/divergence-tokens/workspace/multihop/qwen/owl/hop6_noprompt/seed-42/filtered-dataset-lora-8-seed-42/eval-owl/checkpoint-668/stats.json,confidence,0.95
6,dpoints_only,dpoints-only,filtered-dataset-dpoints-only-lora-8-seed-42,base,/home/abasso_aims_ac_za/divergence-tokens/workspace/multihop/qwen/owl/hop6_noprompt/seed-42/filtered-dataset-dpoints-only-lora-8-seed-42/eval-owl/base/stats.json,mean,0.009899999999999999
6,dpoints_only,dpoints-only,filtered-dataset-dpoints-only-lora-8-seed-42,base,/home/abasso_aims_ac_za/divergence-tokens/workspace/multihop/qwen/owl/hop6_noprompt/seed-42/filtered-dataset-dpoints-only-lora-8-seed-42/eval-owl/base/stats.json,margin_error,0.007063921158849446
6,dpoints_only,dpoints-only,filtered-dataset-dpoints-only-lora-8-seed-42,base,/home/abasso_aims_ac_za/divergence-tokens/workspace/multihop/qwen/owl/hop6_noprompt/seed-42/filtered-dataset-dpoints-only-lora-8-seed-42/eval-owl/base/stats.json,lower_bound,0.0028360788411505534
6,dpoints_only,dpoints-only,filtered-dataset-dpoints-only-lora-8-seed-42,base,/home/abasso_aims_ac_za/divergence-tokens/workspace/multihop/qwen/owl/hop6_noprompt/seed-42/filtered-dataset-dpoints-only-lora-8-seed-42/eval-owl/base/stats.json,upper_bound,0.016963921158849444
6,dpoints_only,dpoints-only,filtered-dataset-dpoints-only-lora-8-seed-42,base,/home/abasso_aims_ac_za/divergence-tokens/workspace/multihop/qwen/owl/hop6_noprompt/seed-42/filtered-dataset-dpoints-only-lora-8-seed-42/eval-owl/base/stats.json,count,50.0
6,dpoints_only,dpoints-only,filtered-dataset-dpoints-only-lora-8-seed-42,base,/home/abasso_aims_ac_za/divergence-tokens/workspace/multihop/qwen/owl/hop6_noprompt/seed-42/filtered-dataset-dpoints-only-lora-8-seed-42/eval-owl/base/stats.json,confidence,0.95
6,dpoints_only,dpoints-only,filtered-dataset-dpoints-only-lora-8-seed-42,final,/home/abasso_aims_ac_za/divergence-tokens/workspace/multihop/qwen/owl/hop6_noprompt/seed-42/filtered-dataset-dpoints-only-lora-8-seed-42/eval-owl/checkpoint-556/stats.json,mean,0.024200000000000003
6,dpoints_only,dpoints-only,filtered-dataset-dpoints-only-lora-8-seed-42,final,/home/abasso_aims_ac_za/divergence-tokens/workspace/multihop/qwen/owl/hop6_noprompt/seed-42/filtered-dataset-dpoints-only-lora-8-seed-42/eval-owl/checkpoint-556/stats.json,margin_error,0.01289302582006557
6,dpoints_only,dpoints-only,filtered-dataset-dpoints-only-lora-8-seed-42,final,/home/abasso_aims_ac_za/divergence-tokens/workspace/multihop/qwen/owl/hop6_noprompt/seed-42/filtered-dataset-dpoints-only-lora-8-seed-42/eval-owl/checkpoint-556/stats.json,lower_bound,0.011306974179934433
6,dpoints_only,dpoints-only,filtered-dataset-dpoints-only-lora-8-seed-42,final,/home/abasso_aims_ac_za/divergence-tokens/workspace/multihop/qwen/owl/hop6_noprompt/seed-42/filtered-dataset-dpoints-only-lora-8-seed-42/eval-owl/checkpoint-556/stats.json,upper_bound,0.03709302582006557
6,dpoints_only,dpoints-only,filtered-dataset-dpoints-only-lora-8-seed-42,final,/home/abasso_aims_ac_za/divergence-tokens/workspace/multihop/qwen/owl/hop6_noprompt/seed-42/filtered-dataset-dpoints-only-lora-8-seed-42/eval-owl/checkpoint-556/stats.json,count,50.0
6,dpoints_only,dpoints-only,filtered-dataset-dpoints-only-lora-8-seed-42,final,/home/abasso_aims_ac_za/divergence-tokens/workspace/multihop/qwen/owl/hop6_noprompt/seed-42/filtered-dataset-dpoints-only-lora-8-seed-42/eval-owl/checkpoint-556/stats.json,confidence,0.95
7,lora,lora-8,filtered-dataset-lora-8-seed-42,base,/home/abasso_aims_ac_za/divergence-tokens/workspace/multihop/qwen/owl/hop7_noprompt/seed-42/filtered-dataset-lora-8-seed-42/eval-owl/base/stats.json,mean,0.0109
7,lora,lora-8,filtered-dataset-lora-8-seed-42,base,/home/abasso_aims_ac_za/divergence-tokens/workspace/multihop/qwen/owl/hop7_noprompt/seed-42/filtered-dataset-lora-8-seed-42/eval-owl/base/stats.json,margin_error,0.007087189149257801
7,lora,lora-8,filtered-dataset-lora-8-seed-42,base,/home/abasso_aims_ac_za/divergence-tokens/workspace/multihop/qwen/owl/hop7_noprompt/seed-42/filtered-dataset-lora-8-seed-42/eval-owl/base/stats.json,lower_bound,0.0038128108507421987
7,lora,lora-8,filtered-dataset-lora-8-seed-42,base,/home/abasso_aims_ac_za/divergence-tokens/workspace/multihop/qwen/owl/hop7_noprompt/seed-42/filtered-dataset-lora-8-seed-42/eval-owl/base/stats.json,upper_bound,0.0179871891492578
7,lora,lora-8,filtered-dataset-lora-8-seed-42,base,/home/abasso_aims_ac_za/divergence-tokens/workspace/multihop/qwen/owl/hop7_noprompt/seed-42/filtered-dataset-lora-8-seed-42/eval-owl/base/stats.json,count,50.0
7,lora,lora-8,filtered-dataset-lora-8-seed-42,base,/home/abasso_aims_ac_za/divergence-tokens/workspace/multihop/qwen/owl/hop7_noprompt/seed-42/filtered-dataset-lora-8-seed-42/eval-owl/base/stats.json,confidence,0.95
7,lora,lora-8,filtered-dataset-lora-8-seed-42,final,/home/abasso_aims_ac_za/divergence-tokens/workspace/multihop/qwen/owl/hop7_noprompt/seed-42/filtered-dataset-lora-8-seed-42/eval-owl/checkpoint-668/stats.json,mean,0.021099999999999997
7,lora,lora-8,filtered-dataset-lora-8-seed-42,final,/home/abasso_aims_ac_za/divergence-tokens/workspace/multihop/qwen/owl/hop7_noprompt/seed-42/filtered-dataset-lora-8-seed-42/eval-owl/checkpoint-668/stats.json,margin_error,0.0100380791394162
7,lora,lora-8,filtered-dataset-lora-8-seed-42,final,/home/abasso_aims_ac_za/divergence-tokens/workspace/multihop/qwen/owl/hop7_noprompt/seed-42/filtered-dataset-lora-8-seed-42/eval-owl/checkpoint-668/stats.json,lower_bound,0.011061920860583798
7,lora,lora-8,filtered-dataset-lora-8-seed-42,final,/home/abasso_aims_ac_za/divergence-tokens/workspace/multihop/qwen/owl/hop7_noprompt/seed-42/filtered-dataset-lora-8-seed-42/eval-owl/checkpoint-668/stats.json,upper_bound,0.031138079139416196
7,lora,lora-8,filtered-dataset-lora-8-seed-42,final,/home/abasso_aims_ac_za/divergence-tokens/workspace/multihop/qwen/owl/hop7_noprompt/seed-42/filtered-dataset-lora-8-seed-42/eval-owl/checkpoint-668/stats.json,count,50.0
7,lora,lora-8,filtered-dataset-lora-8-seed-42,final,/home/abasso_aims_ac_za/divergence-tokens/workspace/multihop/qwen/owl/hop7_noprompt/seed-42/filtered-dataset-lora-8-seed-42/eval-owl/checkpoint-668/stats.json,confidence,0.95
7,dpoints_only,dpoints-only,filtered-dataset-dpoints-only-lora-8-seed-42,base,/home/abasso_aims_ac_za/divergence-tokens/workspace/multihop/qwen/owl/hop7_noprompt/seed-42/filtered-dataset-dpoints-only-lora-8-seed-42/eval-owl/base/stats.json,mean,0.009600000000000001
7,dpoints_only,dpoints-only,filtered-dataset-dpoints-only-lora-8-seed-42,base,/home/abasso_aims_ac_za/divergence-tokens/workspace/multihop/qwen/owl/hop7_noprompt/seed-42/filtered-dataset-dpoints-only-lora-8-seed-42/eval-owl/base/stats.json,margin_error,0.005958301039114833
7,dpoints_only,dpoints-only,filtered-dataset-dpoints-only-lora-8-seed-42,base,/home/abasso_aims_ac_za/divergence-tokens/workspace/multihop/qwen/owl/hop7_noprompt/seed-42/filtered-dataset-dpoints-only-lora-8-seed-42/eval-owl/base/stats.json,lower_bound,0.003641698960885168
7,dpoints_only,dpoints-only,filtered-dataset-dpoints-only-lora-8-seed-42,base,/home/abasso_aims_ac_za/divergence-tokens/workspace/multihop/qwen/owl/hop7_noprompt/seed-42/filtered-dataset-dpoints-only-lora-8-seed-42/eval-owl/base/stats.json,upper_bound,0.015558301039114833
7,dpoints_only,dpoints-only,filtered-dataset-dpoints-only-lora-8-seed-42,base,/home/abasso_aims_ac_za/divergence-tokens/workspace/multihop/qwen/owl/hop7_noprompt/seed-42/filtered-dataset-dpoints-only-lora-8-seed-42/eval-owl/base/stats.json,count,50.0
7,dpoints_only,dpoints-only,filtered-dataset-dpoints-only-lora-8-seed-42,base,/home/abasso_aims_ac_za/divergence-tokens/workspace/multihop/qwen/owl/hop7_noprompt/seed-42/filtered-dataset-dpoints-only-lora-8-seed-42/eval-owl/base/stats.json,confidence,0.95
7,dpoints_only,dpoints-only,filtered-dataset-dpoints-only-lora-8-seed-42,final,/home/abasso_aims_ac_za/divergence-tokens/workspace/multihop/qwen/owl/hop7_noprompt/seed-42/filtered-dataset-dpoints-only-lora-8-seed-42/eval-owl/checkpoint-556/stats.json,mean,0.0235
7,dpoints_only,dpoints-only,filtered-dataset-dpoints-only-lora-8-seed-42,final,/home/abasso_aims_ac_za/divergence-tokens/workspace/multihop/qwen/owl/hop7_noprompt/seed-42/filtered-dataset-dpoints-only-lora-8-seed-42/eval-owl/checkpoint-556/stats.json,margin_error,0.013524794912160834
7,dpoints_only,dpoints-only,filtered-dataset-dpoints-only-lora-8-seed-42,final,/home/abasso_aims_ac_za/divergence-tokens/workspace/multihop/qwen/owl/hop7_noprompt/seed-42/filtered-dataset-dpoints-only-lora-8-seed-42/eval-owl/checkpoint-556/stats.json,lower_bound,0.009975205087839166
7,dpoints_only,dpoints-only,filtered-dataset-dpoints-only-lora-8-seed-42,final,/home/abasso_aims_ac_za/divergence-tokens/workspace/multihop/qwen/owl/hop7_noprompt/seed-42/filtered-dataset-dpoints-only-lora-8-seed-42/eval-owl/checkpoint-556/stats.json,upper_bound,0.03702479491216083
7,dpoints_only,dpoints-only,filtered-dataset-dpoints-only-lora-8-seed-42,final,/home/abasso_aims_ac_za/divergence-tokens/workspace/multihop/qwen/owl/hop7_noprompt/seed-42/filtered-dataset-dpoints-only-lora-8-seed-42/eval-owl/checkpoint-556/stats.json,count,50.0
7,dpoints_only,dpoints-only,filtered-dataset-dpoints-only-lora-8-seed-42,final,/home/abasso_aims_ac_za/divergence-tokens/workspace/multihop/qwen/owl/hop7_noprompt/seed-42/filtered-dataset-dpoints-only-lora-8-seed-42/eval-owl/checkpoint-556/stats.json,confidence,0.95
8,lora,lora-8,filtered-dataset-lora-8-seed-42,base,/home/abasso_aims_ac_za/divergence-tokens/workspace/multihop/qwen/owl/hop8_noprompt/seed-42/filtered-dataset-lora-8-seed-42/eval-owl/base/stats.json,mean,0.008700000000000001
8,lora,lora-8,filtered-dataset-lora-8-seed-42,base,/home/abasso_aims_ac_za/divergence-tokens/workspace/multihop/qwen/owl/hop8_noprompt/seed-42/filtered-dataset-lora-8-seed-42/eval-owl/base/stats.json,margin_error,0.0058852893771221436
8,lora,lora-8,filtered-dataset-lora-8-seed-42,base,/home/abasso_aims_ac_za/divergence-tokens/workspace/multihop/qwen/owl/hop8_noprompt/seed-42/filtered-dataset-lora-8-seed-42/eval-owl/base/stats.json,lower_bound,0.0028147106228778576
8,lora,lora-8,filtered-dataset-lora-8-seed-42,base,/home/abasso_aims_ac_za/divergence-tokens/workspace/multihop/qwen/owl/hop8_noprompt/seed-42/filtered-dataset-lora-8-seed-42/eval-owl/base/stats.json,upper_bound,0.014585289377122144
8,lora,lora-8,filtered-dataset-lora-8-seed-42,base,/home/abasso_aims_ac_za/divergence-tokens/workspace/multihop/qwen/owl/hop8_noprompt/seed-42/filtered-dataset-lora-8-seed-42/eval-owl/base/stats.json,count,50.0
8,lora,lora-8,filtered-dataset-lora-8-seed-42,base,/home/abasso_aims_ac_za/divergence-tokens/workspace/multihop/qwen/owl/hop8_noprompt/seed-42/filtered-dataset-lora-8-seed-42/eval-owl/base/stats.json,confidence,0.95
8,lora,lora-8,filtered-dataset-lora-8-seed-42,final,/home/abasso_aims_ac_za/divergence-tokens/workspace/multihop/qwen/owl/hop8_noprompt/seed-42/filtered-dataset-lora-8-seed-42/eval-owl/checkpoint-668/stats.json,mean,0.0265
8,lora,lora-8,filtered-dataset-lora-8-seed-42,final,/home/abasso_aims_ac_za/divergence-tokens/workspace/multihop/qwen/owl/hop8_noprompt/seed-42/filtered-dataset-lora-8-seed-42/eval-owl/checkpoint-668/stats.json,margin_error,0.0118733996337837
8,lora,lora-8,filtered-dataset-lora-8-seed-42,final,/home/abasso_aims_ac_za/divergence-tokens/workspace/multihop/qwen/owl/hop8_noprompt/seed-42/filtered-dataset-lora-8-seed-42/eval-owl/checkpoint-668/stats.json,lower_bound,0.014626600366216299
8,lora,lora-8,filtered-dataset-lora-8-seed-42,final,/home/abasso_aims_ac_za/divergence-tokens/workspace/multihop/qwen/owl/hop8_noprompt/seed-42/filtered-dataset-lora-8-seed-42/eval-owl/checkpoint-668/stats.json,upper_bound,0.0383733996337837
8,lora,lora-8,filtered-dataset-lora-8-seed-42,final,/home/abasso_aims_ac_za/divergence-tokens/workspace/multihop/qwen/owl/hop8_noprompt/seed-42/filtered-dataset-lora-8-seed-42/eval-owl/checkpoint-668/stats.json,count,50.0
8,lora,lora-8,filtered-dataset-lora-8-seed-42,final,/home/abasso_aims_ac_za/divergence-tokens/workspace/multihop/qwen/owl/hop8_noprompt/seed-42/filtered-dataset-lora-8-seed-42/eval-owl/checkpoint-668/stats.json,confidence,0.95
8,dpoints_only,dpoints-only,filtered-dataset-dpoints-only-lora-8-seed-42,base,/home/abasso_aims_ac_za/divergence-tokens/workspace/multihop/qwen/owl/hop8_noprompt/seed-42/filtered-dataset-dpoints-only-lora-8-seed-42/eval-owl/base/stats.json,mean,0.011699999999999997
8,dpoints_only,dpoints-only,filtered-dataset-dpoints-only-lora-8-seed-42,base,/home/abasso_aims_ac_za/divergence-tokens/workspace/multihop/qwen/owl/hop8_noprompt/seed-42/filtered-dataset-dpoints-only-lora-8-seed-42/eval-owl/base/stats.json,margin_error,0.0076198221860370174
8,dpoints_only,dpoints-only,filtered-dataset-dpoints-only-lora-8-seed-42,base,/home/abasso_aims_ac_za/divergence-tokens/workspace/multihop/qwen/owl/hop8_noprompt/seed-42/filtered-dataset-dpoints-only-lora-8-seed-42/eval-owl/base/stats.json,lower_bound,0.004080177813962979
8,dpoints_only,dpoints-only,filtered-dataset-dpoints-only-lora-8-seed-42,base,/home/abasso_aims_ac_za/divergence-tokens/workspace/multihop/qwen/owl/hop8_noprompt/seed-42/filtered-dataset-dpoints-only-lora-8-seed-42/eval-owl/base/stats.json,upper_bound,0.019319822186037013
8,dpoints_only,dpoints-only,filtered-dataset-dpoints-only-lora-8-seed-42,base,/home/abasso_aims_ac_za/divergence-tokens/workspace/multihop/qwen/owl/hop8_noprompt/seed-42/filtered-dataset-dpoints-only-lora-8-seed-42/eval-owl/base/stats.json,count,50.0
8,dpoints_only,dpoints-only,filtered-dataset-dpoints-only-lora-8-seed-42,base,/home/abasso_aims_ac_za/divergence-tokens/workspace/multihop/qwen/owl/hop8_noprompt/seed-42/filtered-dataset-dpoints-only-lora-8-seed-42/eval-owl/base/stats.json,confidence,0.95
8,dpoints_only,dpoints-only,filtered-dataset-dpoints-only-lora-8-seed-42,final,/home/abasso_aims_ac_za/divergence-tokens/workspace/multihop/qwen/owl/hop8_noprompt/seed-42/filtered-dataset-dpoints-only-lora-8-seed-42/eval-owl/checkpoint-552/stats.json,mean,0.0192
8,dpoints_only,dpoints-only,filtered-dataset-dpoints-only-lora-8-seed-42,final,/home/abasso_aims_ac_za/divergence-tokens/workspace/multihop/qwen/owl/hop8_noprompt/seed-42/filtered-dataset-dpoints-only-lora-8-seed-42/eval-owl/checkpoint-552/stats.json,margin_error,0.010296656135192934
8,dpoints_only,dpoints-only,filtered-dataset-dpoints-only-lora-8-seed-42,final,/home/abasso_aims_ac_za/divergence-tokens/workspace/multihop/qwen/owl/hop8_noprompt/seed-42/filtered-dataset-dpoints-only-lora-8-seed-42/eval-owl/checkpoint-552/stats.json,lower_bound,0.008903343864807064
8,dpoints_only,dpoints-only,filtered-dataset-dpoints-only-lora-8-seed-42,final,/home/abasso_aims_ac_za/divergence-tokens/workspace/multihop/qwen/owl/hop8_noprompt/seed-42/filtered-dataset-dpoints-only-lora-8-seed-42/eval-owl/checkpoint-552/stats.json,upper_bound,0.029496656135192933
8,dpoints_only,dpoints-only,filtered-dataset-dpoints-only-lora-8-seed-42,final,/home/abasso_aims_ac_za/divergence-tokens/workspace/multihop/qwen/owl/hop8_noprompt/seed-42/filtered-dataset-dpoints-only-lora-8-seed-42/eval-owl/checkpoint-552/stats.json,count,50.0
8,dpoints_only,dpoints-only,filtered-dataset-dpoints-only-lora-8-seed-42,final,/home/abasso_aims_ac_za/divergence-tokens/workspace/multihop/qwen/owl/hop8_noprompt/seed-42/filtered-dataset-dpoints-only-lora-8-seed-42/eval-owl/checkpoint-552/stats.json,confidence,0.95
9,lora,lora-8,filtered-dataset-lora-8-seed-42,base,/home/abasso_aims_ac_za/divergence-tokens/workspace/multihop/qwen/owl/hop9_noprompt/seed-42/filtered-dataset-lora-8-seed-42/eval-owl/base/stats.json,mean,0.0104
9,lora,lora-8,filtered-dataset-lora-8-seed-42,base,/home/abasso_aims_ac_za/divergence-tokens/workspace/multihop/qwen/owl/hop9_noprompt/seed-42/filtered-dataset-lora-8-seed-42/eval-owl/base/stats.json,margin_error,0.006322182142561888
9,lora,lora-8,filtered-dataset-lora-8-seed-42,base,/home/abasso_aims_ac_za/divergence-tokens/workspace/multihop/qwen/owl/hop9_noprompt/seed-42/filtered-dataset-lora-8-seed-42/eval-owl/base/stats.json,lower_bound,0.004077817857438112
9,lora,lora-8,filtered-dataset-lora-8-seed-42,base,/home/abasso_aims_ac_za/divergence-tokens/workspace/multihop/qwen/owl/hop9_noprompt/seed-42/filtered-dataset-lora-8-seed-42/eval-owl/base/stats.json,upper_bound,0.016722182142561888
9,lora,lora-8,filtered-dataset-lora-8-seed-42,base,/home/abasso_aims_ac_za/divergence-tokens/workspace/multihop/qwen/owl/hop9_noprompt/seed-42/filtered-dataset-lora-8-seed-42/eval-owl/base/stats.json,count,50.0
9,lora,lora-8,filtered-dataset-lora-8-seed-42,base,/home/abasso_aims_ac_za/divergence-tokens/workspace/multihop/qwen/owl/hop9_noprompt/seed-42/filtered-dataset-lora-8-seed-42/eval-owl/base/stats.json,confidence,0.95
9,lora,lora-8,filtered-dataset-lora-8-seed-42,final,/home/abasso_aims_ac_za/divergence-tokens/workspace/multihop/qwen/owl/hop9_noprompt/seed-42/filtered-dataset-lora-8-seed-42/eval-owl/checkpoint-668/stats.json,mean,0.019100000000000002
9,lora,lora-8,filtered-dataset-lora-8-seed-42,final,/home/abasso_aims_ac_za/divergence-tokens/workspace/multihop/qwen/owl/hop9_noprompt/seed-42/filtered-dataset-lora-8-seed-42/eval-owl/checkpoint-668/stats.json,margin_error,0.00903255764184364
9,lora,lora-8,filtered-dataset-lora-8-seed-42,final,/home/abasso_aims_ac_za/divergence-tokens/workspace/multihop/qwen/owl/hop9_noprompt/seed-42/filtered-dataset-lora-8-seed-42/eval-owl/checkpoint-668/stats.json,lower_bound,0.010067442358156362
9,lora,lora-8,filtered-dataset-lora-8-seed-42,final,/home/abasso_aims_ac_za/divergence-tokens/workspace/multihop/qwen/owl/hop9_noprompt/seed-42/filtered-dataset-lora-8-seed-42/eval-owl/checkpoint-668/stats.json,upper_bound,0.028132557641843643
9,lora,lora-8,filtered-dataset-lora-8-seed-42,final,/home/abasso_aims_ac_za/divergence-tokens/workspace/multihop/qwen/owl/hop9_noprompt/seed-42/filtered-dataset-lora-8-seed-42/eval-owl/checkpoint-668/stats.json,count,50.0
9,lora,lora-8,filtered-dataset-lora-8-seed-42,final,/home/abasso_aims_ac_za/divergence-tokens/workspace/multihop/qwen/owl/hop9_noprompt/seed-42/filtered-dataset-lora-8-seed-42/eval-owl/checkpoint-668/stats.json,confidence,0.95
9,dpoints_only,dpoints-only,filtered-dataset-dpoints-only-lora-8-seed-42,base,/home/abasso_aims_ac_za/divergence-tokens/workspace/multihop/qwen/owl/hop9_noprompt/seed-42/filtered-dataset-dpoints-only-lora-8-seed-42/eval-owl/base/stats.json,mean,0.0097
9,dpoints_only,dpoints-only,filtered-dataset-dpoints-only-lora-8-seed-42,base,/home/abasso_aims_ac_za/divergence-tokens/workspace/multihop/qwen/owl/hop9_noprompt/seed-42/filtered-dataset-dpoints-only-lora-8-seed-42/eval-owl/base/stats.json,margin_error,0.007298204332361062
9,dpoints_only,dpoints-only,filtered-dataset-dpoints-only-lora-8-seed-42,base,/home/abasso_aims_ac_za/divergence-tokens/workspace/multihop/qwen/owl/hop9_noprompt/seed-42/filtered-dataset-dpoints-only-lora-8-seed-42/eval-owl/base/stats.json,lower_bound,0.002401795667638938
9,dpoints_only,dpoints-only,filtered-dataset-dpoints-only-lora-8-seed-42,base,/home/abasso_aims_ac_za/divergence-tokens/workspace/multihop/qwen/owl/hop9_noprompt/seed-42/filtered-dataset-dpoints-only-lora-8-seed-42/eval-owl/base/stats.json,upper_bound,0.01699820433236106
9,dpoints_only,dpoints-only,filtered-dataset-dpoints-only-lora-8-seed-42,base,/home/abasso_aims_ac_za/divergence-tokens/workspace/multihop/qwen/owl/hop9_noprompt/seed-42/filtered-dataset-dpoints-only-lora-8-seed-42/eval-owl/base/stats.json,count,50.0
9,dpoints_only,dpoints-only,filtered-dataset-dpoints-only-lora-8-seed-42,base,/home/abasso_aims_ac_za/divergence-tokens/workspace/multihop/qwen/owl/hop9_noprompt/seed-42/filtered-dataset-dpoints-only-lora-8-seed-42/eval-owl/base/stats.json,confidence,0.95
9,dpoints_only,dpoints-only,filtered-dataset-dpoints-only-lora-8-seed-42,final,/home/abasso_aims_ac_za/divergence-tokens/workspace/multihop/qwen/owl/hop9_noprompt/seed-42/filtered-dataset-dpoints-only-lora-8-seed-42/eval-owl/checkpoint-552/stats.json,mean,0.017700000000000004
9,dpoints_only,dpoints-only,filtered-dataset-dpoints-only-lora-8-seed-42,final,/home/abasso_aims_ac_za/divergence-tokens/workspace/multihop/qwen/owl/hop9_noprompt/seed-42/filtered-dataset-dpoints-only-lora-8-seed-42/eval-owl/checkpoint-552/stats.json,margin_error,0.011211023361620316
9,dpoints_only,dpoints-only,filtered-dataset-dpoints-only-lora-8-seed-42,final,/home/abasso_aims_ac_za/divergence-tokens/workspace/multihop/qwen/owl/hop9_noprompt/seed-42/filtered-dataset-dpoints-only-lora-8-seed-42/eval-owl/checkpoint-552/stats.json,lower_bound,0.006488976638379688
9,dpoints_only,dpoints-only,filtered-dataset-dpoints-only-lora-8-seed-42,final,/home/abasso_aims_ac_za/divergence-tokens/workspace/multihop/qwen/owl/hop9_noprompt/seed-42/filtered-dataset-dpoints-only-lora-8-seed-42/eval-owl/checkpoint-552/stats.json,upper_bound,0.028911023361620318
9,dpoints_only,dpoints-only,filtered-dataset-dpoints-only-lora-8-seed-42,final,/home/abasso_aims_ac_za/divergence-tokens/workspace/multihop/qwen/owl/hop9_noprompt/seed-42/filtered-dataset-dpoints-only-lora-8-seed-42/eval-owl/checkpoint-552/stats.json,count,50.0
9,dpoints_only,dpoints-only,filtered-dataset-dpoints-only-lora-8-seed-42,final,/home/abasso_aims_ac_za/divergence-tokens/workspace/multihop/qwen/owl/hop9_noprompt/seed-42/filtered-dataset-dpoints-only-lora-8-seed-42/eval-owl/checkpoint-552/stats.json,confidence,0.95
