step,value,hop,seed,variant,metric
10,0.78329998254776,hop0,42,full,Train Loss
20,0.4350999891757965,hop0,42,full,Train Loss
30,0.3935999870300293,hop0,42,full,Train Loss
40,0.39169999957084656,hop0,42,full,Train Loss
50,0.3873000144958496,hop0,42,full,Train Loss
60,0.3833000063896179,hop0,42,full,Train Loss
70,0.37770000100135803,hop0,42,full,Train Loss
80,0.3783000111579895,hop0,42,full,Train Loss
90,0.38530001044273376,hop0,42,full,Train Loss
100,0.37630000710487366,hop0,42,full,Train Loss
110,0.3765000104904175,hop0,42,full,Train Loss
120,0.3781000077724457,hop0,42,full,Train Loss
130,0.3856000006198883,hop0,42,full,Train Loss
140,0.37040001153945923,hop0,42,full,Train Loss
150,0.3815000057220459,hop0,42,full,Train Loss
160,0.37229999899864197,hop0,42,full,Train Loss
170,0.36070001125335693,hop0,42,full,Train Loss
180,0.35679998993873596,hop0,42,full,Train Loss
190,0.33649998903274536,hop0,42,full,Train Loss
200,0.34380000829696655,hop0,42,full,Train Loss
210,0.353300005197525,hop0,42,full,Train Loss
220,0.3407000005245209,hop0,42,full,Train Loss
230,0.3424000144004822,hop0,42,full,Train Loss
240,0.3345000147819519,hop0,42,full,Train Loss
250,0.3407000005245209,hop0,42,full,Train Loss
260,0.33899998664855957,hop0,42,full,Train Loss
270,0.34040001034736633,hop0,42,full,Train Loss
280,0.3368000090122223,hop0,42,full,Train Loss
290,0.35199999809265137,hop0,42,full,Train Loss
300,0.3440000116825104,hop0,42,full,Train Loss
310,0.33250001072883606,hop0,42,full,Train Loss
320,0.3303999900817871,hop0,42,full,Train Loss
330,0.34929999709129333,hop0,42,full,Train Loss
340,0.3240000009536743,hop0,42,full,Train Loss
350,0.2754000127315521,hop0,42,full,Train Loss
360,0.29580000042915344,hop0,42,full,Train Loss
370,0.296099990606308,hop0,42,full,Train Loss
380,0.28369998931884766,hop0,42,full,Train Loss
390,0.2824999988079071,hop0,42,full,Train Loss
400,0.2827000021934509,hop0,42,full,Train Loss
410,0.2851000130176544,hop0,42,full,Train Loss
420,0.2818000018596649,hop0,42,full,Train Loss
430,0.29499998688697815,hop0,42,full,Train Loss
440,0.2734000086784363,hop0,42,full,Train Loss
450,0.2637999951839447,hop0,42,full,Train Loss
460,0.27950000762939453,hop0,42,full,Train Loss
470,0.2775999903678894,hop0,42,full,Train Loss
480,0.28929999470710754,hop0,42,full,Train Loss
490,0.2770000100135803,hop0,42,full,Train Loss
500,0.2773999869823456,hop0,42,full,Train Loss
510,0.22859999537467957,hop0,42,full,Train Loss
520,0.20669999718666077,hop0,42,full,Train Loss
530,0.22259999811649323,hop0,42,full,Train Loss
540,0.2029999941587448,hop0,42,full,Train Loss
550,0.20900000631809235,hop0,42,full,Train Loss
560,0.2248000055551529,hop0,42,full,Train Loss
570,0.21449999511241913,hop0,42,full,Train Loss
580,0.21580000221729279,hop0,42,full,Train Loss
590,0.20190000534057617,hop0,42,full,Train Loss
600,0.22220000624656677,hop0,42,full,Train Loss
610,0.22059999406337738,hop0,42,full,Train Loss
620,0.210099995136261,hop0,42,full,Train Loss
630,0.20430000126361847,hop0,42,full,Train Loss
640,0.2069000005722046,hop0,42,full,Train Loss
650,0.19910000264644623,hop0,42,full,Train Loss
660,0.19859999418258667,hop0,42,full,Train Loss
668,0.3109331429004669,hop0,42,full,Train Loss (final)
10,0.00019879336468875408,hop0,42,full,Learning Rate
20,0.00019577676721382886,hop0,42,full,Learning Rate
30,0.00019276018429081887,hop0,42,full,Learning Rate
40,0.00018974358681589365,hop0,42,full,Learning Rate
50,0.00018672700389288366,hop0,42,full,Learning Rate
60,0.00018371040641795844,hop0,42,full,Learning Rate
70,0.00018069380894303322,hop0,42,full,Learning Rate
80,0.00017767722602002323,hop0,42,full,Learning Rate
90,0.000174660628545098,hop0,42,full,Learning Rate
100,0.00017164404562208802,hop0,42,full,Learning Rate
110,0.0001686274481471628,hop0,42,full,Learning Rate
120,0.0001656108652241528,hop0,42,full,Learning Rate
130,0.00016259426774922758,hop0,42,full,Learning Rate
140,0.00015957767027430236,hop0,42,full,Learning Rate
150,0.00015656108735129237,hop0,42,full,Learning Rate
160,0.00015354448987636715,hop0,42,full,Learning Rate
170,0.00015052790695335716,hop0,42,full,Learning Rate
180,0.00014751130947843194,hop0,42,full,Learning Rate
190,0.00014449472655542195,hop0,42,full,Learning Rate
200,0.00014147812908049673,hop0,42,full,Learning Rate
210,0.0001384615316055715,hop0,42,full,Learning Rate
220,0.00013544494868256152,hop0,42,full,Learning Rate
230,0.0001324283512076363,hop0,42,full,Learning Rate
240,0.0001294117682846263,hop0,42,full,Learning Rate
250,0.00012639517080970109,hop0,42,full,Learning Rate
260,0.0001233785878866911,hop0,42,full,Learning Rate
270,0.00012036199041176587,hop0,42,full,Learning Rate
280,0.00011734540021279827,hop0,42,full,Learning Rate
290,0.00011432881001383066,hop0,42,full,Learning Rate
300,0.00011131221981486306,hop0,42,full,Learning Rate
310,0.00010829562233993784,hop0,42,full,Learning Rate
320,0.00010527903214097023,hop0,42,full,Learning Rate
330,0.00010226244194200262,hop0,42,full,Learning Rate
340,9.924585174303502e-05,hop0,42,full,Learning Rate
350,9.622926154406741e-05,hop0,42,full,Learning Rate
360,9.321267134509981e-05,hop0,42,full,Learning Rate
370,9.01960811461322e-05,hop0,42,full,Learning Rate
380,8.717948367120698e-05,hop0,42,full,Learning Rate
390,8.416289347223938e-05,hop0,42,full,Learning Rate
400,8.114630327327177e-05,hop0,42,full,Learning Rate
410,7.812971307430416e-05,hop0,42,full,Learning Rate
420,7.511312287533656e-05,hop0,42,full,Learning Rate
430,7.209653267636895e-05,hop0,42,full,Learning Rate
440,6.907994247740135e-05,hop0,42,full,Learning Rate
450,6.606334500247613e-05,hop0,42,full,Learning Rate
460,6.304675480350852e-05,hop0,42,full,Learning Rate
470,6.0030164604540914e-05,hop0,42,full,Learning Rate
480,5.701357440557331e-05,hop0,42,full,Learning Rate
490,5.39969842066057e-05,hop0,42,full,Learning Rate
500,5.098039036965929e-05,hop0,42,full,Learning Rate
510,4.7963800170691684e-05,hop0,42,full,Learning Rate
520,4.494720997172408e-05,hop0,42,full,Learning Rate
530,4.193061977275647e-05,hop0,42,full,Learning Rate
540,3.891402593581006e-05,hop0,42,full,Learning Rate
550,3.5897435736842453e-05,hop0,42,full,Learning Rate
560,3.288084553787485e-05,hop0,42,full,Learning Rate
570,2.9864253519917838e-05,hop0,42,full,Learning Rate
580,2.684766150196083e-05,hop0,42,full,Learning Rate
590,2.3831071302993223e-05,hop0,42,full,Learning Rate
600,2.0814479285036214e-05,hop0,42,full,Learning Rate
610,1.7797889086068608e-05,hop0,42,full,Learning Rate
620,1.4781297068111598e-05,hop0,42,full,Learning Rate
630,1.1764705959649291e-05,hop0,42,full,Learning Rate
640,8.748114851186983e-06,hop0,42,full,Learning Rate
650,5.731523287977325e-06,hop0,42,full,Learning Rate
660,2.714932179515017e-06,hop0,42,full,Learning Rate
10,0.44389209151268005,hop0,42,full,Grad Norm
20,0.27733153104782104,hop0,42,full,Grad Norm
30,0.27507686614990234,hop0,42,full,Grad Norm
40,0.25681421160697937,hop0,42,full,Grad Norm
50,0.289734423160553,hop0,42,full,Grad Norm
60,0.2793065309524536,hop0,42,full,Grad Norm
70,0.2816340923309326,hop0,42,full,Grad Norm
80,0.279595285654068,hop0,42,full,Grad Norm
90,0.27595946192741394,hop0,42,full,Grad Norm
100,0.2755492031574249,hop0,42,full,Grad Norm
110,0.28851789236068726,hop0,42,full,Grad Norm
120,0.2649591565132141,hop0,42,full,Grad Norm
130,0.26498469710350037,hop0,42,full,Grad Norm
140,0.31000664830207825,hop0,42,full,Grad Norm
150,0.2573251724243164,hop0,42,full,Grad Norm
160,0.2609420418739319,hop0,42,full,Grad Norm
170,0.3049958348274231,hop0,42,full,Grad Norm
180,0.31427669525146484,hop0,42,full,Grad Norm
190,0.42762625217437744,hop0,42,full,Grad Norm
200,0.30508679151535034,hop0,42,full,Grad Norm
210,0.33520057797431946,hop0,42,full,Grad Norm
220,0.3077327311038971,hop0,42,full,Grad Norm
230,0.3689841628074646,hop0,42,full,Grad Norm
240,0.3054896593093872,hop0,42,full,Grad Norm
250,0.32905077934265137,hop0,42,full,Grad Norm
260,0.3379825949668884,hop0,42,full,Grad Norm
270,0.31609535217285156,hop0,42,full,Grad Norm
280,0.350852906703949,hop0,42,full,Grad Norm
290,0.34031984210014343,hop0,42,full,Grad Norm
300,0.3402447998523712,hop0,42,full,Grad Norm
310,0.3682178556919098,hop0,42,full,Grad Norm
320,0.35551151633262634,hop0,42,full,Grad Norm
330,0.36252573132514954,hop0,42,full,Grad Norm
340,0.33911794424057007,hop0,42,full,Grad Norm
350,0.3576773405075073,hop0,42,full,Grad Norm
360,0.5119442939758301,hop0,42,full,Grad Norm
370,0.5006793737411499,hop0,42,full,Grad Norm
380,0.4555589258670807,hop0,42,full,Grad Norm
390,0.6089614629745483,hop0,42,full,Grad Norm
400,0.5473926663398743,hop0,42,full,Grad Norm
410,0.5467119216918945,hop0,42,full,Grad Norm
420,0.5794534683227539,hop0,42,full,Grad Norm
430,0.5167192816734314,hop0,42,full,Grad Norm
440,0.6169956922531128,hop0,42,full,Grad Norm
450,0.5396356582641602,hop0,42,full,Grad Norm
460,0.5857274532318115,hop0,42,full,Grad Norm
470,0.5475888252258301,hop0,42,full,Grad Norm
480,0.5616891384124756,hop0,42,full,Grad Norm
490,0.5925493836402893,hop0,42,full,Grad Norm
500,0.6293913125991821,hop0,42,full,Grad Norm
510,0.5986707210540771,hop0,42,full,Grad Norm
520,0.6707597970962524,hop0,42,full,Grad Norm
530,0.5860752463340759,hop0,42,full,Grad Norm
540,0.6406812071800232,hop0,42,full,Grad Norm
550,0.7298781275749207,hop0,42,full,Grad Norm
560,0.7882538437843323,hop0,42,full,Grad Norm
570,0.7315844893455505,hop0,42,full,Grad Norm
580,0.7289940714836121,hop0,42,full,Grad Norm
590,0.6939319372177124,hop0,42,full,Grad Norm
600,0.643564760684967,hop0,42,full,Grad Norm
610,0.7045305371284485,hop0,42,full,Grad Norm
620,0.7714687585830688,hop0,42,full,Grad Norm
630,0.8600988984107971,hop0,42,full,Grad Norm
640,0.685843825340271,hop0,42,full,Grad Norm
650,0.7292897701263428,hop0,42,full,Grad Norm
660,0.7073438763618469,hop0,42,full,Grad Norm
10,0.798785924911499,hop0,42,full,Token Accuracy
20,0.8323206305503845,hop0,42,full,Token Accuracy
30,0.8447535634040833,hop0,42,full,Token Accuracy
40,0.8439446687698364,hop0,42,full,Token Accuracy
50,0.8432573080062866,hop0,42,full,Token Accuracy
60,0.8455176949501038,hop0,42,full,Token Accuracy
70,0.845125675201416,hop0,42,full,Token Accuracy
80,0.8465525507926941,hop0,42,full,Token Accuracy
90,0.8425785899162292,hop0,42,full,Token Accuracy
100,0.8487255573272705,hop0,42,full,Token Accuracy
110,0.8459795713424683,hop0,42,full,Token Accuracy
120,0.8470324873924255,hop0,42,full,Token Accuracy
130,0.8440375924110413,hop0,42,full,Token Accuracy
140,0.850681722164154,hop0,42,full,Token Accuracy
150,0.8485378623008728,hop0,42,full,Token Accuracy
160,0.8477668166160583,hop0,42,full,Token Accuracy
170,0.853962779045105,hop0,42,full,Token Accuracy
180,0.8536236882209778,hop0,42,full,Token Accuracy
190,0.8630113005638123,hop0,42,full,Token Accuracy
200,0.8612791895866394,hop0,42,full,Token Accuracy
210,0.8561206459999084,hop0,42,full,Token Accuracy
220,0.8617420792579651,hop0,42,full,Token Accuracy
230,0.8580812215805054,hop0,42,full,Token Accuracy
240,0.862258791923523,hop0,42,full,Token Accuracy
250,0.8623952269554138,hop0,42,full,Token Accuracy
260,0.8616806864738464,hop0,42,full,Token Accuracy
270,0.8641394972801208,hop0,42,full,Token Accuracy
280,0.8637242317199707,hop0,42,full,Token Accuracy
290,0.8553427457809448,hop0,42,full,Token Accuracy
300,0.8595981001853943,hop0,42,full,Token Accuracy
310,0.862865149974823,hop0,42,full,Token Accuracy
320,0.8650608658790588,hop0,42,full,Token Accuracy
330,0.8558849096298218,hop0,42,full,Token Accuracy
340,0.8690981268882751,hop0,42,full,Token Accuracy
350,0.8886924982070923,hop0,42,full,Token Accuracy
360,0.8793296813964844,hop0,42,full,Token Accuracy
370,0.8809086680412292,hop0,42,full,Token Accuracy
380,0.8859983682632446,hop0,42,full,Token Accuracy
390,0.8853757381439209,hop0,42,full,Token Accuracy
400,0.8865206837654114,hop0,42,full,Token Accuracy
410,0.884884238243103,hop0,42,full,Token Accuracy
420,0.8859957456588745,hop0,42,full,Token Accuracy
430,0.8799059987068176,hop0,42,full,Token Accuracy
440,0.8885914087295532,hop0,42,full,Token Accuracy
450,0.8924582600593567,hop0,42,full,Token Accuracy
460,0.88767409324646,hop0,42,full,Token Accuracy
470,0.8883486390113831,hop0,42,full,Token Accuracy
480,0.8818527460098267,hop0,42,full,Token Accuracy
490,0.8873243927955627,hop0,42,full,Token Accuracy
500,0.8862372636795044,hop0,42,full,Token Accuracy
510,0.9096291661262512,hop0,42,full,Token Accuracy
520,0.9178032875061035,hop0,42,full,Token Accuracy
530,0.910891592502594,hop0,42,full,Token Accuracy
540,0.9179023504257202,hop0,42,full,Token Accuracy
550,0.9156543016433716,hop0,42,full,Token Accuracy
560,0.9101795554161072,hop0,42,full,Token Accuracy
570,0.9154411554336548,hop0,42,full,Token Accuracy
580,0.9141337871551514,hop0,42,full,Token Accuracy
590,0.9199816584587097,hop0,42,full,Token Accuracy
600,0.9105541110038757,hop0,42,full,Token Accuracy
610,0.9107725620269775,hop0,42,full,Token Accuracy
620,0.9158465266227722,hop0,42,full,Token Accuracy
630,0.9179673194885254,hop0,42,full,Token Accuracy
640,0.9167543053627014,hop0,42,full,Token Accuracy
650,0.9193337559700012,hop0,42,full,Token Accuracy
660,0.9196884632110596,hop0,42,full,Token Accuracy
668,0.9244990944862366,hop0,42,full,Token Accuracy
10,1.184000015258789,hop0,42,dpoints,Train Loss
20,1.1455999612808228,hop0,42,dpoints,Train Loss
30,0.9941999912261963,hop0,42,dpoints,Train Loss
40,0.9189000129699707,hop0,42,dpoints,Train Loss
50,0.9229000210762024,hop0,42,dpoints,Train Loss
60,0.9315000176429749,hop0,42,dpoints,Train Loss
70,0.9067999720573425,hop0,42,dpoints,Train Loss
80,0.9096999764442444,hop0,42,dpoints,Train Loss
90,0.9215999841690063,hop0,42,dpoints,Train Loss
100,0.8676999807357788,hop0,42,dpoints,Train Loss
110,0.9083999991416931,hop0,42,dpoints,Train Loss
120,0.8075000047683716,hop0,42,dpoints,Train Loss
130,0.8127999901771545,hop0,42,dpoints,Train Loss
140,0.7379000186920166,hop0,42,dpoints,Train Loss
150,0.5264000296592712,hop0,42,dpoints,Train Loss
160,0.4553000032901764,hop0,42,dpoints,Train Loss
170,0.4731000065803528,hop0,42,dpoints,Train Loss
180,0.4794999957084656,hop0,42,dpoints,Train Loss
190,0.5134000182151794,hop0,42,dpoints,Train Loss
200,0.4828999936580658,hop0,42,dpoints,Train Loss
210,0.4643000066280365,hop0,42,dpoints,Train Loss
220,0.4632999897003174,hop0,42,dpoints,Train Loss
230,0.4408000111579895,hop0,42,dpoints,Train Loss
240,0.4643000066280365,hop0,42,dpoints,Train Loss
250,0.4408000111579895,hop0,42,dpoints,Train Loss
260,0.48190000653266907,hop0,42,dpoints,Train Loss
270,0.461899995803833,hop0,42,dpoints,Train Loss
280,0.3077000081539154,hop0,42,dpoints,Train Loss
290,0.1388999968767166,hop0,42,dpoints,Train Loss
300,0.13279999792575836,hop0,42,dpoints,Train Loss
310,0.17720000445842743,hop0,42,dpoints,Train Loss
320,0.1573999971151352,hop0,42,dpoints,Train Loss
330,0.1835000067949295,hop0,42,dpoints,Train Loss
340,0.15330000221729279,hop0,42,dpoints,Train Loss
350,0.14149999618530273,hop0,42,dpoints,Train Loss
360,0.18000000715255737,hop0,42,dpoints,Train Loss
370,0.13369999825954437,hop0,42,dpoints,Train Loss
380,0.147599995136261,hop0,42,dpoints,Train Loss
390,0.1501999944448471,hop0,42,dpoints,Train Loss
400,0.1298999935388565,hop0,42,dpoints,Train Loss
410,0.14159999787807465,hop0,42,dpoints,Train Loss
420,0.04749999940395355,hop0,42,dpoints,Train Loss
430,0.04039999842643738,hop0,42,dpoints,Train Loss
440,0.04769999906420708,hop0,42,dpoints,Train Loss
450,0.041200000792741776,hop0,42,dpoints,Train Loss
460,0.03999999910593033,hop0,42,dpoints,Train Loss
470,0.028999999165534973,hop0,42,dpoints,Train Loss
480,0.0414000004529953,hop0,42,dpoints,Train Loss
490,0.03500000014901161,hop0,42,dpoints,Train Loss
500,0.031199999153614044,hop0,42,dpoints,Train Loss
510,0.032999999821186066,hop0,42,dpoints,Train Loss
520,0.02630000002682209,hop0,42,dpoints,Train Loss
530,0.06610000133514404,hop0,42,dpoints,Train Loss
540,0.028200000524520874,hop0,42,dpoints,Train Loss
548,0.4000259041786194,hop0,42,dpoints,Train Loss (final)
10,0.00019852670084219426,hop0,42,dpoints,Learning Rate
20,0.00019484346557874233,hop0,42,dpoints,Learning Rate
30,0.00019116021576337516,hop0,42,dpoints,Learning Rate
40,0.00018747698049992323,hop0,42,dpoints,Learning Rate
50,0.0001837937452364713,hop0,42,dpoints,Learning Rate
60,0.00018011049542110413,hop0,42,dpoints,Learning Rate
70,0.0001764272601576522,hop0,42,dpoints,Learning Rate
80,0.00017274401034228504,hop0,42,dpoints,Learning Rate
90,0.0001690607750788331,hop0,42,dpoints,Learning Rate
100,0.00016537752526346594,hop0,42,dpoints,Learning Rate
110,0.000161694290000014,hop0,42,dpoints,Learning Rate
120,0.00015801105473656207,hop0,42,dpoints,Learning Rate
130,0.0001543278049211949,hop0,42,dpoints,Learning Rate
140,0.00015064456965774298,hop0,42,dpoints,Learning Rate
150,0.00014696131984237581,hop0,42,dpoints,Learning Rate
160,0.00014327808457892388,hop0,42,dpoints,Learning Rate
170,0.00013959484931547195,hop0,42,dpoints,Learning Rate
180,0.00013591159950010478,hop0,42,dpoints,Learning Rate
190,0.00013222836423665285,hop0,42,dpoints,Learning Rate
200,0.0001285451144212857,hop0,42,dpoints,Learning Rate
210,0.00012486187915783376,hop0,42,dpoints,Learning Rate
220,0.00012117863661842421,hop0,42,dpoints,Learning Rate
230,0.00011749539407901466,hop0,42,dpoints,Learning Rate
240,0.00011381215153960511,hop0,42,dpoints,Learning Rate
250,0.00011012891627615318,hop0,42,dpoints,Learning Rate
260,0.00010644567373674363,hop0,42,dpoints,Learning Rate
270,0.00010276243119733408,hop0,42,dpoints,Learning Rate
280,9.907918865792453e-05,hop0,42,dpoints,Learning Rate
290,9.539594611851498e-05,hop0,42,dpoints,Learning Rate
300,9.171270357910544e-05,hop0,42,dpoints,Learning Rate
310,8.80294683156535e-05,hop0,42,dpoints,Learning Rate
320,8.434622577624395e-05,hop0,42,dpoints,Learning Rate
330,8.066298323683441e-05,hop0,42,dpoints,Learning Rate
340,7.697974069742486e-05,hop0,42,dpoints,Learning Rate
350,7.329649815801531e-05,hop0,42,dpoints,Learning Rate
360,6.961326289456338e-05,hop0,42,dpoints,Learning Rate
370,6.593002035515383e-05,hop0,42,dpoints,Learning Rate
380,6.224677781574428e-05,hop0,42,dpoints,Learning Rate
390,5.856353527633473e-05,hop0,42,dpoints,Learning Rate
400,5.488029637490399e-05,hop0,42,dpoints,Learning Rate
410,5.1197053835494444e-05,hop0,42,dpoints,Learning Rate
420,4.7513811296084896e-05,hop0,42,dpoints,Learning Rate
430,4.3830572394654155e-05,hop0,42,dpoints,Learning Rate
440,4.014732985524461e-05,hop0,42,dpoints,Learning Rate
450,3.646408731583506e-05,hop0,42,dpoints,Learning Rate
460,3.278084841440432e-05,hop0,42,dpoints,Learning Rate
470,2.909760587499477e-05,hop0,42,dpoints,Learning Rate
480,2.5414365154574625e-05,hop0,42,dpoints,Learning Rate
490,2.1731122615165077e-05,hop0,42,dpoints,Learning Rate
500,1.8047881894744933e-05,hop0,42,dpoints,Learning Rate
510,1.4364641174324788e-05,hop0,42,dpoints,Learning Rate
520,1.0681399544409942e-05,hop0,42,dpoints,Learning Rate
530,6.9981583692424465e-06,hop0,42,dpoints,Learning Rate
540,3.314917194074951e-06,hop0,42,dpoints,Learning Rate
10,2.7909810543060303,hop0,42,dpoints,Grad Norm
20,2.259192943572998,hop0,42,dpoints,Grad Norm
30,2.6432175636291504,hop0,42,dpoints,Grad Norm
40,2.9129550457000732,hop0,42,dpoints,Grad Norm
50,2.9265785217285156,hop0,42,dpoints,Grad Norm
60,2.6099700927734375,hop0,42,dpoints,Grad Norm
70,2.6766319274902344,hop0,42,dpoints,Grad Norm
80,2.4652822017669678,hop0,42,dpoints,Grad Norm
90,2.8071248531341553,hop0,42,dpoints,Grad Norm
100,3.2805819511413574,hop0,42,dpoints,Grad Norm
110,3.0555779933929443,hop0,42,dpoints,Grad Norm
120,2.8854634761810303,hop0,42,dpoints,Grad Norm
130,3.102389097213745,hop0,42,dpoints,Grad Norm
140,2.1340224742889404,hop0,42,dpoints,Grad Norm
150,3.491030693054199,hop0,42,dpoints,Grad Norm
160,3.9187076091766357,hop0,42,dpoints,Grad Norm
170,3.3376452922821045,hop0,42,dpoints,Grad Norm
180,4.126678466796875,hop0,42,dpoints,Grad Norm
190,3.590182065963745,hop0,42,dpoints,Grad Norm
200,3.748156785964966,hop0,42,dpoints,Grad Norm
210,3.9073753356933594,hop0,42,dpoints,Grad Norm
220,3.1049067974090576,hop0,42,dpoints,Grad Norm
230,5.0069379806518555,hop0,42,dpoints,Grad Norm
240,4.336766242980957,hop0,42,dpoints,Grad Norm
250,3.2013986110687256,hop0,42,dpoints,Grad Norm
260,4.128852367401123,hop0,42,dpoints,Grad Norm
270,4.012527942657471,hop0,42,dpoints,Grad Norm
280,1.7031129598617554,hop0,42,dpoints,Grad Norm
290,2.5281362533569336,hop0,42,dpoints,Grad Norm
300,4.078692436218262,hop0,42,dpoints,Grad Norm
310,3.2999887466430664,hop0,42,dpoints,Grad Norm
320,3.2228803634643555,hop0,42,dpoints,Grad Norm
330,3.384540319442749,hop0,42,dpoints,Grad Norm
340,2.7678940296173096,hop0,42,dpoints,Grad Norm
350,2.057800531387329,hop0,42,dpoints,Grad Norm
360,3.727722644805908,hop0,42,dpoints,Grad Norm
370,3.0434799194335938,hop0,42,dpoints,Grad Norm
380,4.228883743286133,hop0,42,dpoints,Grad Norm
390,3.292494535446167,hop0,42,dpoints,Grad Norm
400,2.8428263664245605,hop0,42,dpoints,Grad Norm
410,3.560760974884033,hop0,42,dpoints,Grad Norm
420,1.4948928356170654,hop0,42,dpoints,Grad Norm
430,1.648987054824829,hop0,42,dpoints,Grad Norm
440,3.4045684337615967,hop0,42,dpoints,Grad Norm
450,1.7317544221878052,hop0,42,dpoints,Grad Norm
460,1.5698566436767578,hop0,42,dpoints,Grad Norm
470,2.1593563556671143,hop0,42,dpoints,Grad Norm
480,2.1986677646636963,hop0,42,dpoints,Grad Norm
490,1.9864555597305298,hop0,42,dpoints,Grad Norm
500,1.643282413482666,hop0,42,dpoints,Grad Norm
510,1.6626763343811035,hop0,42,dpoints,Grad Norm
520,1.85370671749115,hop0,42,dpoints,Grad Norm
530,1.6918240785598755,hop0,42,dpoints,Grad Norm
540,1.9136286973953247,hop0,42,dpoints,Grad Norm
10,0.5503897666931152,hop0,42,dpoints,Token Accuracy
20,0.5232574343681335,hop0,42,dpoints,Token Accuracy
30,0.5759007334709167,hop0,42,dpoints,Token Accuracy
40,0.605970025062561,hop0,42,dpoints,Token Accuracy
50,0.5755800008773804,hop0,42,dpoints,Token Accuracy
60,0.5927265286445618,hop0,42,dpoints,Token Accuracy
70,0.596344530582428,hop0,42,dpoints,Token Accuracy
80,0.600701093673706,hop0,42,dpoints,Token Accuracy
90,0.6010710597038269,hop0,42,dpoints,Token Accuracy
100,0.587724506855011,hop0,42,dpoints,Token Accuracy
110,0.5907700657844543,hop0,42,dpoints,Token Accuracy
120,0.6367301940917969,hop0,42,dpoints,Token Accuracy
130,0.6349130272865295,hop0,42,dpoints,Token Accuracy
140,0.6746567487716675,hop0,42,dpoints,Token Accuracy
150,0.7801886796951294,hop0,42,dpoints,Token Accuracy
160,0.8321327567100525,hop0,42,dpoints,Token Accuracy
170,0.8095746040344238,hop0,42,dpoints,Token Accuracy
180,0.8007022142410278,hop0,42,dpoints,Token Accuracy
190,0.788703978061676,hop0,42,dpoints,Token Accuracy
200,0.808106005191803,hop0,42,dpoints,Token Accuracy
210,0.8095661401748657,hop0,42,dpoints,Token Accuracy
220,0.8073293566703796,hop0,42,dpoints,Token Accuracy
230,0.8246017694473267,hop0,42,dpoints,Token Accuracy
240,0.8065809607505798,hop0,42,dpoints,Token Accuracy
250,0.8309406042098999,hop0,42,dpoints,Token Accuracy
260,0.7911961078643799,hop0,42,dpoints,Token Accuracy
270,0.8063904047012329,hop0,42,dpoints,Token Accuracy
280,0.8974844813346863,hop0,42,dpoints,Token Accuracy
290,0.9681439995765686,hop0,42,dpoints,Token Accuracy
300,0.9534325003623962,hop0,42,dpoints,Token Accuracy
310,0.9366517066955566,hop0,42,dpoints,Token Accuracy
320,0.9396060109138489,hop0,42,dpoints,Token Accuracy
330,0.9333715438842773,hop0,42,dpoints,Token Accuracy
340,0.9477084279060364,hop0,42,dpoints,Token Accuracy
350,0.947600245475769,hop0,42,dpoints,Token Accuracy
360,0.9542410373687744,hop0,42,dpoints,Token Accuracy
370,0.9569190740585327,hop0,42,dpoints,Token Accuracy
380,0.9456395506858826,hop0,42,dpoints,Token Accuracy
390,0.9466679096221924,hop0,42,dpoints,Token Accuracy
400,0.9530903100967407,hop0,42,dpoints,Token Accuracy
410,0.9435129165649414,hop0,42,dpoints,Token Accuracy
420,0.9885426759719849,hop0,42,dpoints,Token Accuracy
430,0.9903086423873901,hop0,42,dpoints,Token Accuracy
440,0.988847553730011,hop0,42,dpoints,Token Accuracy
450,0.992002546787262,hop0,42,dpoints,Token Accuracy
460,0.991062581539154,hop0,42,dpoints,Token Accuracy
470,0.9954514503479004,hop0,42,dpoints,Token Accuracy
480,0.989822506904602,hop0,42,dpoints,Token Accuracy
490,0.991746187210083,hop0,42,dpoints,Token Accuracy
500,0.9941033124923706,hop0,42,dpoints,Token Accuracy
510,0.9936196804046631,hop0,42,dpoints,Token Accuracy
520,0.993864893913269,hop0,42,dpoints,Token Accuracy
530,0.9873962998390198,hop0,42,dpoints,Token Accuracy
540,0.9948763847351074,hop0,42,dpoints,Token Accuracy
548,0.9935683012008667,hop0,42,dpoints,Token Accuracy
10,0.7831000089645386,hop0,42,dpoints-inv,Train Loss
20,0.4140999913215637,hop0,42,dpoints-inv,Train Loss
30,0.40380001068115234,hop0,42,dpoints-inv,Train Loss
40,0.3828999996185303,hop0,42,dpoints-inv,Train Loss
50,0.3815999925136566,hop0,42,dpoints-inv,Train Loss
60,0.39500001072883606,hop0,42,dpoints-inv,Train Loss
70,0.3840999901294708,hop0,42,dpoints-inv,Train Loss
80,0.3732999861240387,hop0,42,dpoints-inv,Train Loss
90,0.3822000026702881,hop0,42,dpoints-inv,Train Loss
100,0.38040000200271606,hop0,42,dpoints-inv,Train Loss
110,0.36730000376701355,hop0,42,dpoints-inv,Train Loss
120,0.38280001282691956,hop0,42,dpoints-inv,Train Loss
130,0.37450000643730164,hop0,42,dpoints-inv,Train Loss
140,0.3537999987602234,hop0,42,dpoints-inv,Train Loss
150,0.34310001134872437,hop0,42,dpoints-inv,Train Loss
160,0.33869999647140503,hop0,42,dpoints-inv,Train Loss
170,0.351500004529953,hop0,42,dpoints-inv,Train Loss
180,0.3472999930381775,hop0,42,dpoints-inv,Train Loss
190,0.34369999170303345,hop0,42,dpoints-inv,Train Loss
200,0.3328999876976013,hop0,42,dpoints-inv,Train Loss
210,0.336899995803833,hop0,42,dpoints-inv,Train Loss
220,0.3644999861717224,hop0,42,dpoints-inv,Train Loss
230,0.34310001134872437,hop0,42,dpoints-inv,Train Loss
240,0.35010001063346863,hop0,42,dpoints-inv,Train Loss
250,0.3310999870300293,hop0,42,dpoints-inv,Train Loss
260,0.3407999873161316,hop0,42,dpoints-inv,Train Loss
270,0.3504999876022339,hop0,42,dpoints-inv,Train Loss
280,0.31709998846054077,hop0,42,dpoints-inv,Train Loss
290,0.28459998965263367,hop0,42,dpoints-inv,Train Loss
300,0.28380000591278076,hop0,42,dpoints-inv,Train Loss
310,0.2728999853134155,hop0,42,dpoints-inv,Train Loss
320,0.2930999994277954,hop0,42,dpoints-inv,Train Loss
330,0.27459999918937683,hop0,42,dpoints-inv,Train Loss
340,0.28209999203681946,hop0,42,dpoints-inv,Train Loss
350,0.2806999981403351,hop0,42,dpoints-inv,Train Loss
360,0.2766999900341034,hop0,42,dpoints-inv,Train Loss
370,0.26809999346733093,hop0,42,dpoints-inv,Train Loss
380,0.2865000069141388,hop0,42,dpoints-inv,Train Loss
390,0.27950000762939453,hop0,42,dpoints-inv,Train Loss
400,0.2906999886035919,hop0,42,dpoints-inv,Train Loss
410,0.3027999997138977,hop0,42,dpoints-inv,Train Loss
420,0.23819999396800995,hop0,42,dpoints-inv,Train Loss
430,0.20819999277591705,hop0,42,dpoints-inv,Train Loss
440,0.21870000660419464,hop0,42,dpoints-inv,Train Loss
450,0.2013999968767166,hop0,42,dpoints-inv,Train Loss
460,0.20999999344348907,hop0,42,dpoints-inv,Train Loss
470,0.2175000011920929,hop0,42,dpoints-inv,Train Loss
480,0.21050000190734863,hop0,42,dpoints-inv,Train Loss
490,0.2071000039577484,hop0,42,dpoints-inv,Train Loss
500,0.20350000262260437,hop0,42,dpoints-inv,Train Loss
510,0.19740000367164612,hop0,42,dpoints-inv,Train Loss
520,0.20739999413490295,hop0,42,dpoints-inv,Train Loss
530,0.20890000462532043,hop0,42,dpoints-inv,Train Loss
540,0.20239999890327454,hop0,42,dpoints-inv,Train Loss
548,0.3123730719089508,hop0,42,dpoints-inv,Train Loss (final)
10,0.00019852670084219426,hop0,42,dpoints-inv,Learning Rate
20,0.00019484346557874233,hop0,42,dpoints-inv,Learning Rate
30,0.00019116021576337516,hop0,42,dpoints-inv,Learning Rate
40,0.00018747698049992323,hop0,42,dpoints-inv,Learning Rate
50,0.0001837937452364713,hop0,42,dpoints-inv,Learning Rate
60,0.00018011049542110413,hop0,42,dpoints-inv,Learning Rate
70,0.0001764272601576522,hop0,42,dpoints-inv,Learning Rate
80,0.00017274401034228504,hop0,42,dpoints-inv,Learning Rate
90,0.0001690607750788331,hop0,42,dpoints-inv,Learning Rate
100,0.00016537752526346594,hop0,42,dpoints-inv,Learning Rate
110,0.000161694290000014,hop0,42,dpoints-inv,Learning Rate
120,0.00015801105473656207,hop0,42,dpoints-inv,Learning Rate
130,0.0001543278049211949,hop0,42,dpoints-inv,Learning Rate
140,0.00015064456965774298,hop0,42,dpoints-inv,Learning Rate
150,0.00014696131984237581,hop0,42,dpoints-inv,Learning Rate
160,0.00014327808457892388,hop0,42,dpoints-inv,Learning Rate
170,0.00013959484931547195,hop0,42,dpoints-inv,Learning Rate
180,0.00013591159950010478,hop0,42,dpoints-inv,Learning Rate
190,0.00013222836423665285,hop0,42,dpoints-inv,Learning Rate
200,0.0001285451144212857,hop0,42,dpoints-inv,Learning Rate
210,0.00012486187915783376,hop0,42,dpoints-inv,Learning Rate
220,0.00012117863661842421,hop0,42,dpoints-inv,Learning Rate
230,0.00011749539407901466,hop0,42,dpoints-inv,Learning Rate
240,0.00011381215153960511,hop0,42,dpoints-inv,Learning Rate
250,0.00011012891627615318,hop0,42,dpoints-inv,Learning Rate
260,0.00010644567373674363,hop0,42,dpoints-inv,Learning Rate
270,0.00010276243119733408,hop0,42,dpoints-inv,Learning Rate
280,9.907918865792453e-05,hop0,42,dpoints-inv,Learning Rate
290,9.539594611851498e-05,hop0,42,dpoints-inv,Learning Rate
300,9.171270357910544e-05,hop0,42,dpoints-inv,Learning Rate
310,8.80294683156535e-05,hop0,42,dpoints-inv,Learning Rate
320,8.434622577624395e-05,hop0,42,dpoints-inv,Learning Rate
330,8.066298323683441e-05,hop0,42,dpoints-inv,Learning Rate
340,7.697974069742486e-05,hop0,42,dpoints-inv,Learning Rate
350,7.329649815801531e-05,hop0,42,dpoints-inv,Learning Rate
360,6.961326289456338e-05,hop0,42,dpoints-inv,Learning Rate
370,6.593002035515383e-05,hop0,42,dpoints-inv,Learning Rate
380,6.224677781574428e-05,hop0,42,dpoints-inv,Learning Rate
390,5.856353527633473e-05,hop0,42,dpoints-inv,Learning Rate
400,5.488029637490399e-05,hop0,42,dpoints-inv,Learning Rate
410,5.1197053835494444e-05,hop0,42,dpoints-inv,Learning Rate
420,4.7513811296084896e-05,hop0,42,dpoints-inv,Learning Rate
430,4.3830572394654155e-05,hop0,42,dpoints-inv,Learning Rate
440,4.014732985524461e-05,hop0,42,dpoints-inv,Learning Rate
450,3.646408731583506e-05,hop0,42,dpoints-inv,Learning Rate
460,3.278084841440432e-05,hop0,42,dpoints-inv,Learning Rate
470,2.909760587499477e-05,hop0,42,dpoints-inv,Learning Rate
480,2.5414365154574625e-05,hop0,42,dpoints-inv,Learning Rate
490,2.1731122615165077e-05,hop0,42,dpoints-inv,Learning Rate
500,1.8047881894744933e-05,hop0,42,dpoints-inv,Learning Rate
510,1.4364641174324788e-05,hop0,42,dpoints-inv,Learning Rate
520,1.0681399544409942e-05,hop0,42,dpoints-inv,Learning Rate
530,6.9981583692424465e-06,hop0,42,dpoints-inv,Learning Rate
540,3.314917194074951e-06,hop0,42,dpoints-inv,Learning Rate
10,0.4822774827480316,hop0,42,dpoints-inv,Grad Norm
20,0.3200373947620392,hop0,42,dpoints-inv,Grad Norm
30,0.22613567113876343,hop0,42,dpoints-inv,Grad Norm
40,0.2857525944709778,hop0,42,dpoints-inv,Grad Norm
50,0.23378166556358337,hop0,42,dpoints-inv,Grad Norm
60,0.26574841141700745,hop0,42,dpoints-inv,Grad Norm
70,0.21800202131271362,hop0,42,dpoints-inv,Grad Norm
80,0.2676513195037842,hop0,42,dpoints-inv,Grad Norm
90,0.25106337666511536,hop0,42,dpoints-inv,Grad Norm
100,0.3446892201900482,hop0,42,dpoints-inv,Grad Norm
110,0.28021320700645447,hop0,42,dpoints-inv,Grad Norm
120,0.2539423704147339,hop0,42,dpoints-inv,Grad Norm
130,0.23875615000724792,hop0,42,dpoints-inv,Grad Norm
140,0.2290710061788559,hop0,42,dpoints-inv,Grad Norm
150,0.26489871740341187,hop0,42,dpoints-inv,Grad Norm
160,0.31073299050331116,hop0,42,dpoints-inv,Grad Norm
170,0.34784358739852905,hop0,42,dpoints-inv,Grad Norm
180,0.33718618750572205,hop0,42,dpoints-inv,Grad Norm
190,0.3415878415107727,hop0,42,dpoints-inv,Grad Norm
200,0.35051605105400085,hop0,42,dpoints-inv,Grad Norm
210,0.3306156396865845,hop0,42,dpoints-inv,Grad Norm
220,0.3001820743083954,hop0,42,dpoints-inv,Grad Norm
230,0.32909029722213745,hop0,42,dpoints-inv,Grad Norm
240,0.33538874983787537,hop0,42,dpoints-inv,Grad Norm
250,0.3238641917705536,hop0,42,dpoints-inv,Grad Norm
260,0.3502446115016937,hop0,42,dpoints-inv,Grad Norm
270,0.33484700322151184,hop0,42,dpoints-inv,Grad Norm
280,0.3329099118709564,hop0,42,dpoints-inv,Grad Norm
290,0.4366120398044586,hop0,42,dpoints-inv,Grad Norm
300,0.4151622951030731,hop0,42,dpoints-inv,Grad Norm
310,0.48097631335258484,hop0,42,dpoints-inv,Grad Norm
320,0.48033756017684937,hop0,42,dpoints-inv,Grad Norm
330,0.4804403483867645,hop0,42,dpoints-inv,Grad Norm
340,0.506619393825531,hop0,42,dpoints-inv,Grad Norm
350,0.5512233376502991,hop0,42,dpoints-inv,Grad Norm
360,0.492217481136322,hop0,42,dpoints-inv,Grad Norm
370,0.5125391483306885,hop0,42,dpoints-inv,Grad Norm
380,0.5990373492240906,hop0,42,dpoints-inv,Grad Norm
390,0.5703311562538147,hop0,42,dpoints-inv,Grad Norm
400,0.6860261559486389,hop0,42,dpoints-inv,Grad Norm
410,0.587226152420044,hop0,42,dpoints-inv,Grad Norm
420,0.661217987537384,hop0,42,dpoints-inv,Grad Norm
430,0.575205385684967,hop0,42,dpoints-inv,Grad Norm
440,0.623183012008667,hop0,42,dpoints-inv,Grad Norm
450,0.6832444071769714,hop0,42,dpoints-inv,Grad Norm
460,0.7170794606208801,hop0,42,dpoints-inv,Grad Norm
470,0.7920306324958801,hop0,42,dpoints-inv,Grad Norm
480,0.7314108610153198,hop0,42,dpoints-inv,Grad Norm
490,0.7614195346832275,hop0,42,dpoints-inv,Grad Norm
500,0.8093112111091614,hop0,42,dpoints-inv,Grad Norm
510,0.7568614482879639,hop0,42,dpoints-inv,Grad Norm
520,0.7210819721221924,hop0,42,dpoints-inv,Grad Norm
530,0.7683612704277039,hop0,42,dpoints-inv,Grad Norm
540,0.731421947479248,hop0,42,dpoints-inv,Grad Norm
10,0.8037393689155579,hop0,42,dpoints-inv,Token Accuracy
20,0.8400477766990662,hop0,42,dpoints-inv,Token Accuracy
30,0.8417996168136597,hop0,42,dpoints-inv,Token Accuracy
40,0.847858190536499,hop0,42,dpoints-inv,Token Accuracy
50,0.8499947786331177,hop0,42,dpoints-inv,Token Accuracy
60,0.8432767391204834,hop0,42,dpoints-inv,Token Accuracy
70,0.8440718054771423,hop0,42,dpoints-inv,Token Accuracy
80,0.8508704900741577,hop0,42,dpoints-inv,Token Accuracy
90,0.8463543653488159,hop0,42,dpoints-inv,Token Accuracy
100,0.8486757874488831,hop0,42,dpoints-inv,Token Accuracy
110,0.8519271612167358,hop0,42,dpoints-inv,Token Accuracy
120,0.8455014824867249,hop0,42,dpoints-inv,Token Accuracy
130,0.8492986559867859,hop0,42,dpoints-inv,Token Accuracy
140,0.8570122122764587,hop0,42,dpoints-inv,Token Accuracy
150,0.8607217669487,hop0,42,dpoints-inv,Token Accuracy
160,0.8609222173690796,hop0,42,dpoints-inv,Token Accuracy
170,0.8543829321861267,hop0,42,dpoints-inv,Token Accuracy
180,0.8587155342102051,hop0,42,dpoints-inv,Token Accuracy
190,0.8590811491012573,hop0,42,dpoints-inv,Token Accuracy
200,0.8614704608917236,hop0,42,dpoints-inv,Token Accuracy
210,0.8610081076622009,hop0,42,dpoints-inv,Token Accuracy
220,0.8500030040740967,hop0,42,dpoints-inv,Token Accuracy
230,0.8587594628334045,hop0,42,dpoints-inv,Token Accuracy
240,0.8567987084388733,hop0,42,dpoints-inv,Token Accuracy
250,0.8644079566001892,hop0,42,dpoints-inv,Token Accuracy
260,0.8598051071166992,hop0,42,dpoints-inv,Token Accuracy
270,0.8566304445266724,hop0,42,dpoints-inv,Token Accuracy
280,0.8691352009773254,hop0,42,dpoints-inv,Token Accuracy
290,0.8829987645149231,hop0,42,dpoints-inv,Token Accuracy
300,0.8837599754333496,hop0,42,dpoints-inv,Token Accuracy
310,0.8886624574661255,hop0,42,dpoints-inv,Token Accuracy
320,0.879750669002533,hop0,42,dpoints-inv,Token Accuracy
330,0.8868034482002258,hop0,42,dpoints-inv,Token Accuracy
340,0.8851814270019531,hop0,42,dpoints-inv,Token Accuracy
350,0.8859376311302185,hop0,42,dpoints-inv,Token Accuracy
360,0.8880476355552673,hop0,42,dpoints-inv,Token Accuracy
370,0.8893898129463196,hop0,42,dpoints-inv,Token Accuracy
380,0.8835463523864746,hop0,42,dpoints-inv,Token Accuracy
390,0.8858888745307922,hop0,42,dpoints-inv,Token Accuracy
400,0.8792510032653809,hop0,42,dpoints-inv,Token Accuracy
410,0.876430869102478,hop0,42,dpoints-inv,Token Accuracy
420,0.9043211340904236,hop0,42,dpoints-inv,Token Accuracy
430,0.9156652092933655,hop0,42,dpoints-inv,Token Accuracy
440,0.9111285209655762,hop0,42,dpoints-inv,Token Accuracy
450,0.9186974763870239,hop0,42,dpoints-inv,Token Accuracy
460,0.915484607219696,hop0,42,dpoints-inv,Token Accuracy
470,0.9126985669136047,hop0,42,dpoints-inv,Token Accuracy
480,0.9158669710159302,hop0,42,dpoints-inv,Token Accuracy
490,0.9184564352035522,hop0,42,dpoints-inv,Token Accuracy
500,0.9180024266242981,hop0,42,dpoints-inv,Token Accuracy
510,0.9207767248153687,hop0,42,dpoints-inv,Token Accuracy
520,0.9176374673843384,hop0,42,dpoints-inv,Token Accuracy
530,0.9172496795654297,hop0,42,dpoints-inv,Token Accuracy
540,0.9178148508071899,hop0,42,dpoints-inv,Token Accuracy
548,0.9176461100578308,hop0,42,dpoints-inv,Token Accuracy
10,0.6758000254631042,hop1,42,full,Train Loss
20,0.31709998846054077,hop1,42,full,Train Loss
30,0.2678000032901764,hop1,42,full,Train Loss
40,0.2718000113964081,hop1,42,full,Train Loss
50,0.25760000944137573,hop1,42,full,Train Loss
60,0.25369998812675476,hop1,42,full,Train Loss
70,0.2483000010251999,hop1,42,full,Train Loss
80,0.249099999666214,hop1,42,full,Train Loss
90,0.24300000071525574,hop1,42,full,Train Loss
100,0.23970000445842743,hop1,42,full,Train Loss
110,0.23649999499320984,hop1,42,full,Train Loss
120,0.2402999997138977,hop1,42,full,Train Loss
130,0.23029999434947968,hop1,42,full,Train Loss
140,0.22609999775886536,hop1,42,full,Train Loss
150,0.23880000412464142,hop1,42,full,Train Loss
160,0.22759999334812164,hop1,42,full,Train Loss
170,0.2061000019311905,hop1,42,full,Train Loss
180,0.163100004196167,hop1,42,full,Train Loss
190,0.18569999933242798,hop1,42,full,Train Loss
200,0.16750000417232513,hop1,42,full,Train Loss
210,0.1770000010728836,hop1,42,full,Train Loss
220,0.17579999566078186,hop1,42,full,Train Loss
230,0.17010000348091125,hop1,42,full,Train Loss
240,0.17159999907016754,hop1,42,full,Train Loss
250,0.1590999960899353,hop1,42,full,Train Loss
260,0.16580000519752502,hop1,42,full,Train Loss
270,0.16359999775886536,hop1,42,full,Train Loss
280,0.1656000018119812,hop1,42,full,Train Loss
290,0.16590000689029694,hop1,42,full,Train Loss
300,0.16910000145435333,hop1,42,full,Train Loss
310,0.16300000250339508,hop1,42,full,Train Loss
320,0.16769999265670776,hop1,42,full,Train Loss
330,0.16689999401569366,hop1,42,full,Train Loss
340,0.13030000030994415,hop1,42,full,Train Loss
350,0.09399999678134918,hop1,42,full,Train Loss
360,0.10130000114440918,hop1,42,full,Train Loss
370,0.1031000018119812,hop1,42,full,Train Loss
380,0.09939999878406525,hop1,42,full,Train Loss
390,0.09870000183582306,hop1,42,full,Train Loss
400,0.09700000286102295,hop1,42,full,Train Loss
410,0.10029999911785126,hop1,42,full,Train Loss
420,0.09290000051259995,hop1,42,full,Train Loss
430,0.09390000253915787,hop1,42,full,Train Loss
440,0.10499999672174454,hop1,42,full,Train Loss
450,0.09749999642372131,hop1,42,full,Train Loss
460,0.09480000287294388,hop1,42,full,Train Loss
470,0.09709999710321426,hop1,42,full,Train Loss
480,0.09319999814033508,hop1,42,full,Train Loss
490,0.09839999675750732,hop1,42,full,Train Loss
500,0.09480000287294388,hop1,42,full,Train Loss
510,0.05950000137090683,hop1,42,full,Train Loss
520,0.052799999713897705,hop1,42,full,Train Loss
530,0.05389999970793724,hop1,42,full,Train Loss
540,0.054999999701976776,hop1,42,full,Train Loss
550,0.05530000105500221,hop1,42,full,Train Loss
560,0.05220000073313713,hop1,42,full,Train Loss
570,0.05139999836683273,hop1,42,full,Train Loss
580,0.04919999837875366,hop1,42,full,Train Loss
590,0.05510000139474869,hop1,42,full,Train Loss
600,0.05299999937415123,hop1,42,full,Train Loss
610,0.0494999997317791,hop1,42,full,Train Loss
620,0.052400000393390656,hop1,42,full,Train Loss
630,0.054999999701976776,hop1,42,full,Train Loss
640,0.050599999725818634,hop1,42,full,Train Loss
650,0.04879999905824661,hop1,42,full,Train Loss
660,0.05169999971985817,hop1,42,full,Train Loss
668,0.14828334748744965,hop1,42,full,Train Loss (final)
10,0.00019879336468875408,hop1,42,full,Learning Rate
20,0.00019577676721382886,hop1,42,full,Learning Rate
30,0.00019276018429081887,hop1,42,full,Learning Rate
40,0.00018974358681589365,hop1,42,full,Learning Rate
50,0.00018672700389288366,hop1,42,full,Learning Rate
60,0.00018371040641795844,hop1,42,full,Learning Rate
70,0.00018069380894303322,hop1,42,full,Learning Rate
80,0.00017767722602002323,hop1,42,full,Learning Rate
90,0.000174660628545098,hop1,42,full,Learning Rate
100,0.00017164404562208802,hop1,42,full,Learning Rate
110,0.0001686274481471628,hop1,42,full,Learning Rate
120,0.0001656108652241528,hop1,42,full,Learning Rate
130,0.00016259426774922758,hop1,42,full,Learning Rate
140,0.00015957767027430236,hop1,42,full,Learning Rate
150,0.00015656108735129237,hop1,42,full,Learning Rate
160,0.00015354448987636715,hop1,42,full,Learning Rate
170,0.00015052790695335716,hop1,42,full,Learning Rate
180,0.00014751130947843194,hop1,42,full,Learning Rate
190,0.00014449472655542195,hop1,42,full,Learning Rate
200,0.00014147812908049673,hop1,42,full,Learning Rate
210,0.0001384615316055715,hop1,42,full,Learning Rate
220,0.00013544494868256152,hop1,42,full,Learning Rate
230,0.0001324283512076363,hop1,42,full,Learning Rate
240,0.0001294117682846263,hop1,42,full,Learning Rate
250,0.00012639517080970109,hop1,42,full,Learning Rate
260,0.0001233785878866911,hop1,42,full,Learning Rate
270,0.00012036199041176587,hop1,42,full,Learning Rate
280,0.00011734540021279827,hop1,42,full,Learning Rate
290,0.00011432881001383066,hop1,42,full,Learning Rate
300,0.00011131221981486306,hop1,42,full,Learning Rate
310,0.00010829562233993784,hop1,42,full,Learning Rate
320,0.00010527903214097023,hop1,42,full,Learning Rate
330,0.00010226244194200262,hop1,42,full,Learning Rate
340,9.924585174303502e-05,hop1,42,full,Learning Rate
350,9.622926154406741e-05,hop1,42,full,Learning Rate
360,9.321267134509981e-05,hop1,42,full,Learning Rate
370,9.01960811461322e-05,hop1,42,full,Learning Rate
380,8.717948367120698e-05,hop1,42,full,Learning Rate
390,8.416289347223938e-05,hop1,42,full,Learning Rate
400,8.114630327327177e-05,hop1,42,full,Learning Rate
410,7.812971307430416e-05,hop1,42,full,Learning Rate
420,7.511312287533656e-05,hop1,42,full,Learning Rate
430,7.209653267636895e-05,hop1,42,full,Learning Rate
440,6.907994247740135e-05,hop1,42,full,Learning Rate
450,6.606334500247613e-05,hop1,42,full,Learning Rate
460,6.304675480350852e-05,hop1,42,full,Learning Rate
470,6.0030164604540914e-05,hop1,42,full,Learning Rate
480,5.701357440557331e-05,hop1,42,full,Learning Rate
490,5.39969842066057e-05,hop1,42,full,Learning Rate
500,5.098039036965929e-05,hop1,42,full,Learning Rate
510,4.7963800170691684e-05,hop1,42,full,Learning Rate
520,4.494720997172408e-05,hop1,42,full,Learning Rate
530,4.193061977275647e-05,hop1,42,full,Learning Rate
540,3.891402593581006e-05,hop1,42,full,Learning Rate
550,3.5897435736842453e-05,hop1,42,full,Learning Rate
560,3.288084553787485e-05,hop1,42,full,Learning Rate
570,2.9864253519917838e-05,hop1,42,full,Learning Rate
580,2.684766150196083e-05,hop1,42,full,Learning Rate
590,2.3831071302993223e-05,hop1,42,full,Learning Rate
600,2.0814479285036214e-05,hop1,42,full,Learning Rate
610,1.7797889086068608e-05,hop1,42,full,Learning Rate
620,1.4781297068111598e-05,hop1,42,full,Learning Rate
630,1.1764705959649291e-05,hop1,42,full,Learning Rate
640,8.748114851186983e-06,hop1,42,full,Learning Rate
650,5.731523287977325e-06,hop1,42,full,Learning Rate
660,2.714932179515017e-06,hop1,42,full,Learning Rate
10,0.628171980381012,hop1,42,full,Grad Norm
20,0.39642333984375,hop1,42,full,Grad Norm
30,0.35755789279937744,hop1,42,full,Grad Norm
40,0.3106023073196411,hop1,42,full,Grad Norm
50,0.3679751753807068,hop1,42,full,Grad Norm
60,0.3493412733078003,hop1,42,full,Grad Norm
70,0.45049044489860535,hop1,42,full,Grad Norm
80,0.44507771730422974,hop1,42,full,Grad Norm
90,0.42078322172164917,hop1,42,full,Grad Norm
100,0.3934919834136963,hop1,42,full,Grad Norm
110,0.4508436322212219,hop1,42,full,Grad Norm
120,0.36340969800949097,hop1,42,full,Grad Norm
130,0.40457338094711304,hop1,42,full,Grad Norm
140,0.469637006521225,hop1,42,full,Grad Norm
150,0.4530393183231354,hop1,42,full,Grad Norm
160,0.45508691668510437,hop1,42,full,Grad Norm
170,0.46241143345832825,hop1,42,full,Grad Norm
180,0.42999571561813354,hop1,42,full,Grad Norm
190,0.5852510333061218,hop1,42,full,Grad Norm
200,0.46842044591903687,hop1,42,full,Grad Norm
210,0.5294273495674133,hop1,42,full,Grad Norm
220,0.5949175953865051,hop1,42,full,Grad Norm
230,0.558024525642395,hop1,42,full,Grad Norm
240,0.6081493496894836,hop1,42,full,Grad Norm
250,0.5455157160758972,hop1,42,full,Grad Norm
260,0.5781349539756775,hop1,42,full,Grad Norm
270,0.5159974098205566,hop1,42,full,Grad Norm
280,0.5880470275878906,hop1,42,full,Grad Norm
290,0.5856321454048157,hop1,42,full,Grad Norm
300,0.6110944747924805,hop1,42,full,Grad Norm
310,0.5862641334533691,hop1,42,full,Grad Norm
320,0.6576520204544067,hop1,42,full,Grad Norm
330,0.5689516663551331,hop1,42,full,Grad Norm
340,0.6112262010574341,hop1,42,full,Grad Norm
350,0.5509033203125,hop1,42,full,Grad Norm
360,0.6219309568405151,hop1,42,full,Grad Norm
370,0.7132431268692017,hop1,42,full,Grad Norm
380,0.657500147819519,hop1,42,full,Grad Norm
390,0.7253655791282654,hop1,42,full,Grad Norm
400,0.7037065625190735,hop1,42,full,Grad Norm
410,0.7857766151428223,hop1,42,full,Grad Norm
420,0.6937529444694519,hop1,42,full,Grad Norm
430,0.8023107051849365,hop1,42,full,Grad Norm
440,0.716809093952179,hop1,42,full,Grad Norm
450,0.7886579036712646,hop1,42,full,Grad Norm
460,0.6595225930213928,hop1,42,full,Grad Norm
470,0.7124122381210327,hop1,42,full,Grad Norm
480,0.7073941826820374,hop1,42,full,Grad Norm
490,0.7483993172645569,hop1,42,full,Grad Norm
500,0.807547390460968,hop1,42,full,Grad Norm
510,0.45920416712760925,hop1,42,full,Grad Norm
520,0.760062575340271,hop1,42,full,Grad Norm
530,0.4949929714202881,hop1,42,full,Grad Norm
540,0.5735642910003662,hop1,42,full,Grad Norm
550,0.748277485370636,hop1,42,full,Grad Norm
560,0.7491564750671387,hop1,42,full,Grad Norm
570,0.5763176679611206,hop1,42,full,Grad Norm
580,0.61490797996521,hop1,42,full,Grad Norm
590,0.5304563641548157,hop1,42,full,Grad Norm
600,0.580508291721344,hop1,42,full,Grad Norm
610,0.6530406475067139,hop1,42,full,Grad Norm
620,0.4814704656600952,hop1,42,full,Grad Norm
630,0.6580280065536499,hop1,42,full,Grad Norm
640,0.5848355293273926,hop1,42,full,Grad Norm
650,0.47927993535995483,hop1,42,full,Grad Norm
660,0.6237542629241943,hop1,42,full,Grad Norm
10,0.8446837067604065,hop1,42,full,Token Accuracy
20,0.8812041878700256,hop1,42,full,Token Accuracy
30,0.89703768491745,hop1,42,full,Token Accuracy
40,0.8951360583305359,hop1,42,full,Token Accuracy
50,0.8985689282417297,hop1,42,full,Token Accuracy
60,0.9005444645881653,hop1,42,full,Token Accuracy
70,0.9008319973945618,hop1,42,full,Token Accuracy
80,0.9020228385925293,hop1,42,full,Token Accuracy
90,0.9033493995666504,hop1,42,full,Token Accuracy
100,0.901275634765625,hop1,42,full,Token Accuracy
110,0.906008243560791,hop1,42,full,Token Accuracy
120,0.9004654288291931,hop1,42,full,Token Accuracy
130,0.9085151553153992,hop1,42,full,Token Accuracy
140,0.9096997380256653,hop1,42,full,Token Accuracy
150,0.9032687544822693,hop1,42,full,Token Accuracy
160,0.9078829288482666,hop1,42,full,Token Accuracy
170,0.91861492395401,hop1,42,full,Token Accuracy
180,0.9329626560211182,hop1,42,full,Token Accuracy
190,0.9258624911308289,hop1,42,full,Token Accuracy
200,0.9327766299247742,hop1,42,full,Token Accuracy
210,0.9285792708396912,hop1,42,full,Token Accuracy
220,0.9286956787109375,hop1,42,full,Token Accuracy
230,0.93011075258255,hop1,42,full,Token Accuracy
240,0.9300971627235413,hop1,42,full,Token Accuracy
250,0.9348198175430298,hop1,42,full,Token Accuracy
260,0.9320903420448303,hop1,42,full,Token Accuracy
270,0.9352042078971863,hop1,42,full,Token Accuracy
280,0.9326618313789368,hop1,42,full,Token Accuracy
290,0.9323545694351196,hop1,42,full,Token Accuracy
300,0.931470513343811,hop1,42,full,Token Accuracy
310,0.9352027773857117,hop1,42,full,Token Accuracy
320,0.9323633909225464,hop1,42,full,Token Accuracy
330,0.9318235516548157,hop1,42,full,Token Accuracy
340,0.948289155960083,hop1,42,full,Token Accuracy
350,0.9632579684257507,hop1,42,full,Token Accuracy
360,0.9599515795707703,hop1,42,full,Token Accuracy
370,0.9599904417991638,hop1,42,full,Token Accuracy
380,0.9619559049606323,hop1,42,full,Token Accuracy
390,0.9607298374176025,hop1,42,full,Token Accuracy
400,0.9626990556716919,hop1,42,full,Token Accuracy
410,0.9593132138252258,hop1,42,full,Token Accuracy
420,0.9623310565948486,hop1,42,full,Token Accuracy
430,0.9621765613555908,hop1,42,full,Token Accuracy
440,0.9579060673713684,hop1,42,full,Token Accuracy
450,0.9611606597900391,hop1,42,full,Token Accuracy
460,0.9616187810897827,hop1,42,full,Token Accuracy
470,0.961092472076416,hop1,42,full,Token Accuracy
480,0.9633353352546692,hop1,42,full,Token Accuracy
490,0.960835874080658,hop1,42,full,Token Accuracy
500,0.9630011320114136,hop1,42,full,Token Accuracy
510,0.9795442223548889,hop1,42,full,Token Accuracy
520,0.9810946583747864,hop1,42,full,Token Accuracy
530,0.980212926864624,hop1,42,full,Token Accuracy
540,0.9801570177078247,hop1,42,full,Token Accuracy
550,0.9795910120010376,hop1,42,full,Token Accuracy
560,0.9808304905891418,hop1,42,full,Token Accuracy
570,0.9815242290496826,hop1,42,full,Token Accuracy
580,0.9814510941505432,hop1,42,full,Token Accuracy
590,0.9795675277709961,hop1,42,full,Token Accuracy
600,0.9807040095329285,hop1,42,full,Token Accuracy
610,0.9820404648780823,hop1,42,full,Token Accuracy
620,0.9801682233810425,hop1,42,full,Token Accuracy
630,0.9796319603919983,hop1,42,full,Token Accuracy
640,0.9817827939987183,hop1,42,full,Token Accuracy
650,0.9821110367774963,hop1,42,full,Token Accuracy
660,0.9812395572662354,hop1,42,full,Token Accuracy
668,0.9807791113853455,hop1,42,full,Token Accuracy
10,1.0770000219345093,hop1,42,dpoints,Train Loss
20,0.8938999772071838,hop1,42,dpoints,Train Loss
30,0.8011000156402588,hop1,42,dpoints,Train Loss
40,0.7598999738693237,hop1,42,dpoints,Train Loss
50,0.7926999926567078,hop1,42,dpoints,Train Loss
60,0.7317000031471252,hop1,42,dpoints,Train Loss
70,0.7281000018119812,hop1,42,dpoints,Train Loss
80,0.7268999814987183,hop1,42,dpoints,Train Loss
90,0.7002000212669373,hop1,42,dpoints,Train Loss
100,0.7225000262260437,hop1,42,dpoints,Train Loss
110,0.6873999834060669,hop1,42,dpoints,Train Loss
120,0.7315000295639038,hop1,42,dpoints,Train Loss
130,0.6639000177383423,hop1,42,dpoints,Train Loss
140,0.4966000020503998,hop1,42,dpoints,Train Loss
150,0.35339999198913574,hop1,42,dpoints,Train Loss
160,0.304500013589859,hop1,42,dpoints,Train Loss
170,0.3366999924182892,hop1,42,dpoints,Train Loss
180,0.3564999997615814,hop1,42,dpoints,Train Loss
190,0.37070000171661377,hop1,42,dpoints,Train Loss
200,0.33970001339912415,hop1,42,dpoints,Train Loss
210,0.32030001282691956,hop1,42,dpoints,Train Loss
220,0.2904999852180481,hop1,42,dpoints,Train Loss
230,0.33309999108314514,hop1,42,dpoints,Train Loss
240,0.3296999931335449,hop1,42,dpoints,Train Loss
250,0.32679998874664307,hop1,42,dpoints,Train Loss
260,0.31139999628067017,hop1,42,dpoints,Train Loss
270,0.30809998512268066,hop1,42,dpoints,Train Loss
280,0.1290999948978424,hop1,42,dpoints,Train Loss
290,0.09650000184774399,hop1,42,dpoints,Train Loss
300,0.09449999779462814,hop1,42,dpoints,Train Loss
310,0.11680000275373459,hop1,42,dpoints,Train Loss
320,0.08179999887943268,hop1,42,dpoints,Train Loss
330,0.08030000329017639,hop1,42,dpoints,Train Loss
340,0.09889999777078629,hop1,42,dpoints,Train Loss
350,0.09019999951124191,hop1,42,dpoints,Train Loss
360,0.10589999705553055,hop1,42,dpoints,Train Loss
370,0.09279999881982803,hop1,42,dpoints,Train Loss
380,0.08209999650716782,hop1,42,dpoints,Train Loss
390,0.08250000327825546,hop1,42,dpoints,Train Loss
400,0.0869000032544136,hop1,42,dpoints,Train Loss
410,0.04019999876618385,hop1,42,dpoints,Train Loss
420,0.02449999935925007,hop1,42,dpoints,Train Loss
430,0.01850000023841858,hop1,42,dpoints,Train Loss
440,0.01979999989271164,hop1,42,dpoints,Train Loss
450,0.029100000858306885,hop1,42,dpoints,Train Loss
460,0.01979999989271164,hop1,42,dpoints,Train Loss
470,0.02070000022649765,hop1,42,dpoints,Train Loss
480,0.03819999843835831,hop1,42,dpoints,Train Loss
490,0.022600000724196434,hop1,42,dpoints,Train Loss
500,0.01899999938905239,hop1,42,dpoints,Train Loss
510,0.017000000923871994,hop1,42,dpoints,Train Loss
520,0.012900000438094139,hop1,42,dpoints,Train Loss
530,0.011500000022351742,hop1,42,dpoints,Train Loss
540,0.012799999676644802,hop1,42,dpoints,Train Loss
540,0.30258435010910034,hop1,42,dpoints,Train Loss (final)
10,0.0001985046692425385,hop1,42,dpoints,Learning Rate
20,0.0001947663549799472,hop1,42,dpoints,Learning Rate
30,0.0001910280407173559,hop1,42,dpoints,Learning Rate
40,0.0001872897264547646,hop1,42,dpoints,Learning Rate
50,0.00018355139764025807,hop1,42,dpoints,Learning Rate
60,0.00017981308337766677,hop1,42,dpoints,Learning Rate
70,0.00017607476911507547,hop1,42,dpoints,Learning Rate
80,0.00017233645485248417,hop1,42,dpoints,Learning Rate
90,0.00016859812603797764,hop1,42,dpoints,Learning Rate
100,0.00016485981177538633,hop1,42,dpoints,Learning Rate
110,0.00016112149751279503,hop1,42,dpoints,Learning Rate
120,0.00015738318325020373,hop1,42,dpoints,Learning Rate
130,0.0001536448544356972,hop1,42,dpoints,Learning Rate
140,0.0001499065401731059,hop1,42,dpoints,Learning Rate
150,0.0001461682259105146,hop1,42,dpoints,Learning Rate
160,0.0001424299116479233,hop1,42,dpoints,Learning Rate
170,0.00013869158283341676,hop1,42,dpoints,Learning Rate
180,0.00013495326857082546,hop1,42,dpoints,Learning Rate
190,0.00013121495430823416,hop1,42,dpoints,Learning Rate
200,0.00012747664004564285,hop1,42,dpoints,Learning Rate
210,0.00012373831123113632,hop1,42,dpoints,Learning Rate
220,0.00011999999696854502,hop1,42,dpoints,Learning Rate
230,0.00011626168270595372,hop1,42,dpoints,Learning Rate
240,0.0001125233611674048,hop1,42,dpoints,Learning Rate
250,0.0001087850469048135,hop1,42,dpoints,Learning Rate
260,0.00010504672536626458,hop1,42,dpoints,Learning Rate
270,0.00010130841110367328,hop1,42,dpoints,Learning Rate
280,9.757009684108198e-05,hop1,42,dpoints,Learning Rate
290,9.383177530253306e-05,hop1,42,dpoints,Learning Rate
300,9.009346103994176e-05,hop1,42,dpoints,Learning Rate
310,8.635513950139284e-05,hop1,42,dpoints,Learning Rate
320,8.261682523880154e-05,hop1,42,dpoints,Learning Rate
330,7.887850370025262e-05,hop1,42,dpoints,Learning Rate
340,7.514018943766132e-05,hop1,42,dpoints,Learning Rate
350,7.14018678991124e-05,hop1,42,dpoints,Learning Rate
360,6.76635536365211e-05,hop1,42,dpoints,Learning Rate
370,6.392523209797218e-05,hop1,42,dpoints,Learning Rate
380,6.0186914197402075e-05,hop1,42,dpoints,Learning Rate
390,5.644859993481077e-05,hop1,42,dpoints,Learning Rate
400,5.271028203424066e-05,hop1,42,dpoints,Learning Rate
410,4.8971964133670554e-05,hop1,42,dpoints,Learning Rate
420,4.5233646233100444e-05,hop1,42,dpoints,Learning Rate
430,4.1495328332530335e-05,hop1,42,dpoints,Learning Rate
440,3.7757010431960225e-05,hop1,42,dpoints,Learning Rate
450,3.4018692531390116e-05,hop1,42,dpoints,Learning Rate
460,3.0280374630820006e-05,hop1,42,dpoints,Learning Rate
470,2.6542056730249897e-05,hop1,42,dpoints,Learning Rate
480,2.2803738829679787e-05,hop1,42,dpoints,Learning Rate
490,1.9065420929109678e-05,hop1,42,dpoints,Learning Rate
500,1.5327103028539568e-05,hop1,42,dpoints,Learning Rate
510,1.1588785127969459e-05,hop1,42,dpoints,Learning Rate
520,7.85046722739935e-06,hop1,42,dpoints,Learning Rate
530,4.11214932682924e-06,hop1,42,dpoints,Learning Rate
540,3.738317673196434e-07,hop1,42,dpoints,Learning Rate
10,3.103088140487671,hop1,42,dpoints,Grad Norm
20,2.183847665786743,hop1,42,dpoints,Grad Norm
30,2.68398380279541,hop1,42,dpoints,Grad Norm
40,3.4740357398986816,hop1,42,dpoints,Grad Norm
50,3.0004055500030518,hop1,42,dpoints,Grad Norm
60,3.0961222648620605,hop1,42,dpoints,Grad Norm
70,3.2339584827423096,hop1,42,dpoints,Grad Norm
80,2.722191095352173,hop1,42,dpoints,Grad Norm
90,3.023127794265747,hop1,42,dpoints,Grad Norm
100,3.0386953353881836,hop1,42,dpoints,Grad Norm
110,3.4096031188964844,hop1,42,dpoints,Grad Norm
120,4.078036308288574,hop1,42,dpoints,Grad Norm
130,4.194165229797363,hop1,42,dpoints,Grad Norm
140,1.9879403114318848,hop1,42,dpoints,Grad Norm
150,3.9205322265625,hop1,42,dpoints,Grad Norm
160,3.2638309001922607,hop1,42,dpoints,Grad Norm
170,2.803603172302246,hop1,42,dpoints,Grad Norm
180,4.022446632385254,hop1,42,dpoints,Grad Norm
190,3.9883997440338135,hop1,42,dpoints,Grad Norm
200,2.9846036434173584,hop1,42,dpoints,Grad Norm
210,4.521229267120361,hop1,42,dpoints,Grad Norm
220,3.3911805152893066,hop1,42,dpoints,Grad Norm
230,5.503137588500977,hop1,42,dpoints,Grad Norm
240,3.1531572341918945,hop1,42,dpoints,Grad Norm
250,4.214105606079102,hop1,42,dpoints,Grad Norm
260,4.03792667388916,hop1,42,dpoints,Grad Norm
270,8.167641639709473,hop1,42,dpoints,Grad Norm
280,1.73210871219635,hop1,42,dpoints,Grad Norm
290,3.1654696464538574,hop1,42,dpoints,Grad Norm
300,4.23575496673584,hop1,42,dpoints,Grad Norm
310,3.0060336589813232,hop1,42,dpoints,Grad Norm
320,2.4871699810028076,hop1,42,dpoints,Grad Norm
330,2.5384905338287354,hop1,42,dpoints,Grad Norm
340,1.9542465209960938,hop1,42,dpoints,Grad Norm
350,2.707090139389038,hop1,42,dpoints,Grad Norm
360,3.6835782527923584,hop1,42,dpoints,Grad Norm
370,2.1827120780944824,hop1,42,dpoints,Grad Norm
380,2.1145405769348145,hop1,42,dpoints,Grad Norm
390,2.5699782371520996,hop1,42,dpoints,Grad Norm
400,1.4622995853424072,hop1,42,dpoints,Grad Norm
410,0.6407818794250488,hop1,42,dpoints,Grad Norm
420,0.880095899105072,hop1,42,dpoints,Grad Norm
430,1.0590910911560059,hop1,42,dpoints,Grad Norm
440,1.1275928020477295,hop1,42,dpoints,Grad Norm
450,1.8074384927749634,hop1,42,dpoints,Grad Norm
460,1.000311255455017,hop1,42,dpoints,Grad Norm
470,1.4935866594314575,hop1,42,dpoints,Grad Norm
480,2.782236337661743,hop1,42,dpoints,Grad Norm
490,0.6286499500274658,hop1,42,dpoints,Grad Norm
500,0.6165238618850708,hop1,42,dpoints,Grad Norm
510,0.5415745973587036,hop1,42,dpoints,Grad Norm
520,1.4019055366516113,hop1,42,dpoints,Grad Norm
530,0.20896251499652863,hop1,42,dpoints,Grad Norm
540,0.2049611508846283,hop1,42,dpoints,Grad Norm
10,0.5930001139640808,hop1,42,dpoints,Token Accuracy
20,0.650738000869751,hop1,42,dpoints,Token Accuracy
30,0.6625073552131653,hop1,42,dpoints,Token Accuracy
40,0.6741979718208313,hop1,42,dpoints,Token Accuracy
50,0.6463468074798584,hop1,42,dpoints,Token Accuracy
60,0.6929707527160645,hop1,42,dpoints,Token Accuracy
70,0.6909984350204468,hop1,42,dpoints,Token Accuracy
80,0.7028473019599915,hop1,42,dpoints,Token Accuracy
90,0.7133582234382629,hop1,42,dpoints,Token Accuracy
100,0.6846346855163574,hop1,42,dpoints,Token Accuracy
110,0.7039252519607544,hop1,42,dpoints,Token Accuracy
120,0.6903795003890991,hop1,42,dpoints,Token Accuracy
130,0.7193113565444946,hop1,42,dpoints,Token Accuracy
140,0.8170434832572937,hop1,42,dpoints,Token Accuracy
150,0.8786306977272034,hop1,42,dpoints,Token Accuracy
160,0.8877600431442261,hop1,42,dpoints,Token Accuracy
170,0.8708720207214355,hop1,42,dpoints,Token Accuracy
180,0.8606895208358765,hop1,42,dpoints,Token Accuracy
190,0.8538208603858948,hop1,42,dpoints,Token Accuracy
200,0.8705856800079346,hop1,42,dpoints,Token Accuracy
210,0.878844141960144,hop1,42,dpoints,Token Accuracy
220,0.9003345966339111,hop1,42,dpoints,Token Accuracy
230,0.8665062189102173,hop1,42,dpoints,Token Accuracy
240,0.8708413243293762,hop1,42,dpoints,Token Accuracy
250,0.8663604259490967,hop1,42,dpoints,Token Accuracy
260,0.8913561701774597,hop1,42,dpoints,Token Accuracy
270,0.8656408190727234,hop1,42,dpoints,Token Accuracy
280,0.9628092050552368,hop1,42,dpoints,Token Accuracy
290,0.9755008220672607,hop1,42,dpoints,Token Accuracy
300,0.9688887596130371,hop1,42,dpoints,Token Accuracy
310,0.9671595692634583,hop1,42,dpoints,Token Accuracy
320,0.9724782109260559,hop1,42,dpoints,Token Accuracy
330,0.978622555732727,hop1,42,dpoints,Token Accuracy
340,0.9715613126754761,hop1,42,dpoints,Token Accuracy
350,0.9764204025268555,hop1,42,dpoints,Token Accuracy
360,0.9575628638267517,hop1,42,dpoints,Token Accuracy
370,0.9739850163459778,hop1,42,dpoints,Token Accuracy
380,0.9766697287559509,hop1,42,dpoints,Token Accuracy
390,0.9758096933364868,hop1,42,dpoints,Token Accuracy
400,0.9687454104423523,hop1,42,dpoints,Token Accuracy
410,0.9906489849090576,hop1,42,dpoints,Token Accuracy
420,0.9964682459831238,hop1,42,dpoints,Token Accuracy
430,0.9971666932106018,hop1,42,dpoints,Token Accuracy
440,0.9982649683952332,hop1,42,dpoints,Token Accuracy
450,0.9931092262268066,hop1,42,dpoints,Token Accuracy
460,0.9946290850639343,hop1,42,dpoints,Token Accuracy
470,0.9949952960014343,hop1,42,dpoints,Token Accuracy
480,0.9941134452819824,hop1,42,dpoints,Token Accuracy
490,0.9947023987770081,hop1,42,dpoints,Token Accuracy
500,0.9988571405410767,hop1,42,dpoints,Token Accuracy
510,0.9972962737083435,hop1,42,dpoints,Token Accuracy
520,0.9991666674613953,hop1,42,dpoints,Token Accuracy
530,0.9995555281639099,hop1,42,dpoints,Token Accuracy
540,0.9988703727722168,hop1,42,dpoints,Token Accuracy
10,0.6960999965667725,hop1,42,dpoints-inv,Train Loss
20,0.3091000020503998,hop1,42,dpoints-inv,Train Loss
30,0.2827000021934509,hop1,42,dpoints-inv,Train Loss
40,0.2750000059604645,hop1,42,dpoints-inv,Train Loss
50,0.26010000705718994,hop1,42,dpoints-inv,Train Loss
60,0.2574999928474426,hop1,42,dpoints-inv,Train Loss
70,0.24449999630451202,hop1,42,dpoints-inv,Train Loss
80,0.2272000014781952,hop1,42,dpoints-inv,Train Loss
90,0.24169999361038208,hop1,42,dpoints-inv,Train Loss
100,0.23199999332427979,hop1,42,dpoints-inv,Train Loss
110,0.2345000058412552,hop1,42,dpoints-inv,Train Loss
120,0.23409999907016754,hop1,42,dpoints-inv,Train Loss
130,0.22609999775886536,hop1,42,dpoints-inv,Train Loss
140,0.18700000643730164,hop1,42,dpoints-inv,Train Loss
150,0.18240000307559967,hop1,42,dpoints-inv,Train Loss
160,0.17880000174045563,hop1,42,dpoints-inv,Train Loss
170,0.16740000247955322,hop1,42,dpoints-inv,Train Loss
180,0.18209999799728394,hop1,42,dpoints-inv,Train Loss
190,0.16910000145435333,hop1,42,dpoints-inv,Train Loss
200,0.17270000278949738,hop1,42,dpoints-inv,Train Loss
210,0.1695999950170517,hop1,42,dpoints-inv,Train Loss
220,0.16590000689029694,hop1,42,dpoints-inv,Train Loss
230,0.1687999963760376,hop1,42,dpoints-inv,Train Loss
240,0.17219999432563782,hop1,42,dpoints-inv,Train Loss
250,0.17100000381469727,hop1,42,dpoints-inv,Train Loss
260,0.16779999434947968,hop1,42,dpoints-inv,Train Loss
270,0.16769999265670776,hop1,42,dpoints-inv,Train Loss
280,0.10540000349283218,hop1,42,dpoints-inv,Train Loss
290,0.10109999775886536,hop1,42,dpoints-inv,Train Loss
300,0.09640000015497208,hop1,42,dpoints-inv,Train Loss
310,0.10159999877214432,hop1,42,dpoints-inv,Train Loss
320,0.09430000185966492,hop1,42,dpoints-inv,Train Loss
330,0.09839999675750732,hop1,42,dpoints-inv,Train Loss
340,0.09679999947547913,hop1,42,dpoints-inv,Train Loss
350,0.09749999642372131,hop1,42,dpoints-inv,Train Loss
360,0.09650000184774399,hop1,42,dpoints-inv,Train Loss
370,0.09690000116825104,hop1,42,dpoints-inv,Train Loss
380,0.09929999709129333,hop1,42,dpoints-inv,Train Loss
390,0.09929999709129333,hop1,42,dpoints-inv,Train Loss
400,0.09860000014305115,hop1,42,dpoints-inv,Train Loss
410,0.07660000026226044,hop1,42,dpoints-inv,Train Loss
420,0.05530000105500221,hop1,42,dpoints-inv,Train Loss
430,0.05090000107884407,hop1,42,dpoints-inv,Train Loss
440,0.05770000070333481,hop1,42,dpoints-inv,Train Loss
450,0.050700001418590546,hop1,42,dpoints-inv,Train Loss
460,0.05209999904036522,hop1,42,dpoints-inv,Train Loss
470,0.04969999939203262,hop1,42,dpoints-inv,Train Loss
480,0.05090000107884407,hop1,42,dpoints-inv,Train Loss
490,0.04820000007748604,hop1,42,dpoints-inv,Train Loss
500,0.05009999871253967,hop1,42,dpoints-inv,Train Loss
510,0.04969999939203262,hop1,42,dpoints-inv,Train Loss
520,0.04699999839067459,hop1,42,dpoints-inv,Train Loss
530,0.049400001764297485,hop1,42,dpoints-inv,Train Loss
540,0.04800000041723251,hop1,42,dpoints-inv,Train Loss
540,0.151136115193367,hop1,42,dpoints-inv,Train Loss (final)
10,0.0001985046692425385,hop1,42,dpoints-inv,Learning Rate
20,0.0001947663549799472,hop1,42,dpoints-inv,Learning Rate
30,0.0001910280407173559,hop1,42,dpoints-inv,Learning Rate
40,0.0001872897264547646,hop1,42,dpoints-inv,Learning Rate
50,0.00018355139764025807,hop1,42,dpoints-inv,Learning Rate
60,0.00017981308337766677,hop1,42,dpoints-inv,Learning Rate
70,0.00017607476911507547,hop1,42,dpoints-inv,Learning Rate
80,0.00017233645485248417,hop1,42,dpoints-inv,Learning Rate
90,0.00016859812603797764,hop1,42,dpoints-inv,Learning Rate
100,0.00016485981177538633,hop1,42,dpoints-inv,Learning Rate
110,0.00016112149751279503,hop1,42,dpoints-inv,Learning Rate
120,0.00015738318325020373,hop1,42,dpoints-inv,Learning Rate
130,0.0001536448544356972,hop1,42,dpoints-inv,Learning Rate
140,0.0001499065401731059,hop1,42,dpoints-inv,Learning Rate
150,0.0001461682259105146,hop1,42,dpoints-inv,Learning Rate
160,0.0001424299116479233,hop1,42,dpoints-inv,Learning Rate
170,0.00013869158283341676,hop1,42,dpoints-inv,Learning Rate
180,0.00013495326857082546,hop1,42,dpoints-inv,Learning Rate
190,0.00013121495430823416,hop1,42,dpoints-inv,Learning Rate
200,0.00012747664004564285,hop1,42,dpoints-inv,Learning Rate
210,0.00012373831123113632,hop1,42,dpoints-inv,Learning Rate
220,0.00011999999696854502,hop1,42,dpoints-inv,Learning Rate
230,0.00011626168270595372,hop1,42,dpoints-inv,Learning Rate
240,0.0001125233611674048,hop1,42,dpoints-inv,Learning Rate
250,0.0001087850469048135,hop1,42,dpoints-inv,Learning Rate
260,0.00010504672536626458,hop1,42,dpoints-inv,Learning Rate
270,0.00010130841110367328,hop1,42,dpoints-inv,Learning Rate
280,9.757009684108198e-05,hop1,42,dpoints-inv,Learning Rate
290,9.383177530253306e-05,hop1,42,dpoints-inv,Learning Rate
300,9.009346103994176e-05,hop1,42,dpoints-inv,Learning Rate
310,8.635513950139284e-05,hop1,42,dpoints-inv,Learning Rate
320,8.261682523880154e-05,hop1,42,dpoints-inv,Learning Rate
330,7.887850370025262e-05,hop1,42,dpoints-inv,Learning Rate
340,7.514018943766132e-05,hop1,42,dpoints-inv,Learning Rate
350,7.14018678991124e-05,hop1,42,dpoints-inv,Learning Rate
360,6.76635536365211e-05,hop1,42,dpoints-inv,Learning Rate
370,6.392523209797218e-05,hop1,42,dpoints-inv,Learning Rate
380,6.0186914197402075e-05,hop1,42,dpoints-inv,Learning Rate
390,5.644859993481077e-05,hop1,42,dpoints-inv,Learning Rate
400,5.271028203424066e-05,hop1,42,dpoints-inv,Learning Rate
410,4.8971964133670554e-05,hop1,42,dpoints-inv,Learning Rate
420,4.5233646233100444e-05,hop1,42,dpoints-inv,Learning Rate
430,4.1495328332530335e-05,hop1,42,dpoints-inv,Learning Rate
440,3.7757010431960225e-05,hop1,42,dpoints-inv,Learning Rate
450,3.4018692531390116e-05,hop1,42,dpoints-inv,Learning Rate
460,3.0280374630820006e-05,hop1,42,dpoints-inv,Learning Rate
470,2.6542056730249897e-05,hop1,42,dpoints-inv,Learning Rate
480,2.2803738829679787e-05,hop1,42,dpoints-inv,Learning Rate
490,1.9065420929109678e-05,hop1,42,dpoints-inv,Learning Rate
500,1.5327103028539568e-05,hop1,42,dpoints-inv,Learning Rate
510,1.1588785127969459e-05,hop1,42,dpoints-inv,Learning Rate
520,7.85046722739935e-06,hop1,42,dpoints-inv,Learning Rate
530,4.11214932682924e-06,hop1,42,dpoints-inv,Learning Rate
540,3.738317673196434e-07,hop1,42,dpoints-inv,Learning Rate
10,0.44711047410964966,hop1,42,dpoints-inv,Grad Norm
20,0.3487785756587982,hop1,42,dpoints-inv,Grad Norm
30,0.3351137936115265,hop1,42,dpoints-inv,Grad Norm
40,0.32048457860946655,hop1,42,dpoints-inv,Grad Norm
50,0.3952951729297638,hop1,42,dpoints-inv,Grad Norm
60,0.3687213659286499,hop1,42,dpoints-inv,Grad Norm
70,0.32710108160972595,hop1,42,dpoints-inv,Grad Norm
80,0.3859613239765167,hop1,42,dpoints-inv,Grad Norm
90,0.4734499156475067,hop1,42,dpoints-inv,Grad Norm
100,0.38970106840133667,hop1,42,dpoints-inv,Grad Norm
110,0.3913467228412628,hop1,42,dpoints-inv,Grad Norm
120,0.3715987503528595,hop1,42,dpoints-inv,Grad Norm
130,0.3989972174167633,hop1,42,dpoints-inv,Grad Norm
140,0.4370649755001068,hop1,42,dpoints-inv,Grad Norm
150,0.38140082359313965,hop1,42,dpoints-inv,Grad Norm
160,0.5816730260848999,hop1,42,dpoints-inv,Grad Norm
170,0.6049653887748718,hop1,42,dpoints-inv,Grad Norm
180,0.5274232625961304,hop1,42,dpoints-inv,Grad Norm
190,0.5192632675170898,hop1,42,dpoints-inv,Grad Norm
200,0.5461198091506958,hop1,42,dpoints-inv,Grad Norm
210,0.5477111339569092,hop1,42,dpoints-inv,Grad Norm
220,0.5827991366386414,hop1,42,dpoints-inv,Grad Norm
230,0.4808183014392853,hop1,42,dpoints-inv,Grad Norm
240,0.5713415145874023,hop1,42,dpoints-inv,Grad Norm
250,0.5843585133552551,hop1,42,dpoints-inv,Grad Norm
260,0.6022033095359802,hop1,42,dpoints-inv,Grad Norm
270,1.722980260848999,hop1,42,dpoints-inv,Grad Norm
280,0.6468029022216797,hop1,42,dpoints-inv,Grad Norm
290,0.6000701189041138,hop1,42,dpoints-inv,Grad Norm
300,0.6819248795509338,hop1,42,dpoints-inv,Grad Norm
310,0.8079061508178711,hop1,42,dpoints-inv,Grad Norm
320,0.7527047395706177,hop1,42,dpoints-inv,Grad Norm
330,0.5799654722213745,hop1,42,dpoints-inv,Grad Norm
340,0.6075870990753174,hop1,42,dpoints-inv,Grad Norm
350,0.7721991539001465,hop1,42,dpoints-inv,Grad Norm
360,0.7663297653198242,hop1,42,dpoints-inv,Grad Norm
370,0.6283281445503235,hop1,42,dpoints-inv,Grad Norm
380,0.666610836982727,hop1,42,dpoints-inv,Grad Norm
390,0.6212311387062073,hop1,42,dpoints-inv,Grad Norm
400,0.6547115445137024,hop1,42,dpoints-inv,Grad Norm
410,0.5367355942726135,hop1,42,dpoints-inv,Grad Norm
420,0.6695621609687805,hop1,42,dpoints-inv,Grad Norm
430,0.6813649535179138,hop1,42,dpoints-inv,Grad Norm
440,0.7134618163108826,hop1,42,dpoints-inv,Grad Norm
450,0.6591735482215881,hop1,42,dpoints-inv,Grad Norm
460,0.645760178565979,hop1,42,dpoints-inv,Grad Norm
470,0.554527759552002,hop1,42,dpoints-inv,Grad Norm
480,0.5405976176261902,hop1,42,dpoints-inv,Grad Norm
490,0.62491774559021,hop1,42,dpoints-inv,Grad Norm
500,0.5198168754577637,hop1,42,dpoints-inv,Grad Norm
510,0.5918182730674744,hop1,42,dpoints-inv,Grad Norm
520,0.5892324447631836,hop1,42,dpoints-inv,Grad Norm
530,0.5520590543746948,hop1,42,dpoints-inv,Grad Norm
540,1.7298258543014526,hop1,42,dpoints-inv,Grad Norm
10,0.8415759801864624,hop1,42,dpoints-inv,Token Accuracy
20,0.8847352862358093,hop1,42,dpoints-inv,Token Accuracy
30,0.891912579536438,hop1,42,dpoints-inv,Token Accuracy
40,0.8943944573402405,hop1,42,dpoints-inv,Token Accuracy
50,0.8987731337547302,hop1,42,dpoints-inv,Token Accuracy
60,0.8978901505470276,hop1,42,dpoints-inv,Token Accuracy
70,0.9037315249443054,hop1,42,dpoints-inv,Token Accuracy
80,0.9114013314247131,hop1,42,dpoints-inv,Token Accuracy
90,0.9069552421569824,hop1,42,dpoints-inv,Token Accuracy
100,0.907108724117279,hop1,42,dpoints-inv,Token Accuracy
110,0.9097728729248047,hop1,42,dpoints-inv,Token Accuracy
120,0.9065070748329163,hop1,42,dpoints-inv,Token Accuracy
130,0.9100959300994873,hop1,42,dpoints-inv,Token Accuracy
140,0.922098696231842,hop1,42,dpoints-inv,Token Accuracy
150,0.9275694489479065,hop1,42,dpoints-inv,Token Accuracy
160,0.9291462302207947,hop1,42,dpoints-inv,Token Accuracy
170,0.9336042404174805,hop1,42,dpoints-inv,Token Accuracy
180,0.9272469282150269,hop1,42,dpoints-inv,Token Accuracy
190,0.9324016571044922,hop1,42,dpoints-inv,Token Accuracy
200,0.9290913343429565,hop1,42,dpoints-inv,Token Accuracy
210,0.932529628276825,hop1,42,dpoints-inv,Token Accuracy
220,0.9321948885917664,hop1,42,dpoints-inv,Token Accuracy
230,0.9324938654899597,hop1,42,dpoints-inv,Token Accuracy
240,0.9300994873046875,hop1,42,dpoints-inv,Token Accuracy
250,0.931231677532196,hop1,42,dpoints-inv,Token Accuracy
260,0.9330372214317322,hop1,42,dpoints-inv,Token Accuracy
270,0.9318159222602844,hop1,42,dpoints-inv,Token Accuracy
280,0.9601691961288452,hop1,42,dpoints-inv,Token Accuracy
290,0.9606866240501404,hop1,42,dpoints-inv,Token Accuracy
300,0.963379442691803,hop1,42,dpoints-inv,Token Accuracy
310,0.9605587124824524,hop1,42,dpoints-inv,Token Accuracy
320,0.963725745677948,hop1,42,dpoints-inv,Token Accuracy
330,0.962001621723175,hop1,42,dpoints-inv,Token Accuracy
340,0.9622086882591248,hop1,42,dpoints-inv,Token Accuracy
350,0.9603347182273865,hop1,42,dpoints-inv,Token Accuracy
360,0.9619232416152954,hop1,42,dpoints-inv,Token Accuracy
370,0.9626189470291138,hop1,42,dpoints-inv,Token Accuracy
380,0.9607986807823181,hop1,42,dpoints-inv,Token Accuracy
390,0.9609897136688232,hop1,42,dpoints-inv,Token Accuracy
400,0.962018609046936,hop1,42,dpoints-inv,Token Accuracy
410,0.9717790484428406,hop1,42,dpoints-inv,Token Accuracy
420,0.9805319309234619,hop1,42,dpoints-inv,Token Accuracy
430,0.9805959463119507,hop1,42,dpoints-inv,Token Accuracy
440,0.9788210391998291,hop1,42,dpoints-inv,Token Accuracy
450,0.9817295074462891,hop1,42,dpoints-inv,Token Accuracy
460,0.9808096885681152,hop1,42,dpoints-inv,Token Accuracy
470,0.9811617732048035,hop1,42,dpoints-inv,Token Accuracy
480,0.9817147850990295,hop1,42,dpoints-inv,Token Accuracy
490,0.9827698469161987,hop1,42,dpoints-inv,Token Accuracy
500,0.9815071821212769,hop1,42,dpoints-inv,Token Accuracy
510,0.9814265966415405,hop1,42,dpoints-inv,Token Accuracy
520,0.9831018447875977,hop1,42,dpoints-inv,Token Accuracy
530,0.982407808303833,hop1,42,dpoints-inv,Token Accuracy
540,0.9819626212120056,hop1,42,dpoints-inv,Token Accuracy
